,temp,atemp,hum,windspeed,season_spring,season_summer,season_winter,yr_2019,mnth_Dec,mnth_July,mnth_Mar,mnth_May,mnth_Nov,mnth_Oct,mnth_Sept,holiday_Yes,weekday_Tue,weekday_Wed,weathersit_Light Precipitation,weathersit_Misty Skies,cnt
247,0.9418130956718304,0.8961894151066663,1.0944844869713193,0.35214861698888117,0,0,0,0,0,0,0,0,0,0,1,1,0,0,0,1,3351
335,-1.029247852064104,-0.9228968414990443,-0.06306076241915706,-1.1441310749639284,0,0,1,0,1,0,0,0,0,0,0,0,0,0,0,0,3940
702,-0.14204377601938475,-0.07200150471809147,0.6959365318407466,-0.1633595826104112,0,0,1,1,1,0,0,0,0,0,0,0,0,0,0,0,6606
440,0.06832872686370875,0.15053302824868023,0.8512497563479272,-1.0111337823040647,1,0,0,1,0,0,1,0,0,0,0,0,0,0,0,1,7836
136,0.3290031643590645,0.35755469326663974,1.4285594842131386,1.2164037877226967,0,1,0,0,0,0,0,1,0,0,0,0,0,0,0,1,4123
666,-0.3386910837829866,-0.2553488885977494,1.7245358654537168,2.297036865348761,0,0,1,1,0,0,0,0,0,1,0,0,0,1,1,0,22
6,-1.6748698352039166,-1.6808819085841853,-0.9572353502998562,-0.23557911750902885,1,0,0,0,0,0,0,0,0,0,0,0,0,0,0,1,1510
393,-1.203032639688639,-1.2859066075455297,-2.275572654152279,0.717777556025857,1,0,0,1,0,0,0,0,0,0,0,0,0,1,0,0,3243
250,0.7254807519651583,0.46162507721020213,2.143465911994959,0.0855124366894883,0,0,0,0,0,0,0,0,0,0,1,0,0,0,1,0,1842
181,1.2116358339525488,1.0601348939949446,-1.6777542380353387,-1.1193494688743417,0,0,0,0,0,1,0,0,0,0,0,0,0,0,0,0,5362
660,0.23296521370288073,0.3067004330518228,0.04830225876667418,-1.2271133656464375,0,0,1,1,0,0,0,0,0,1,0,0,0,0,0,0,7466
145,1.1338889969841974,1.075752871053015,0.3003214035280657,0.17766151564397065,0,1,0,0,0,0,0,1,0,0,0,0,0,0,0,0,4677
549,1.577496522889451,1.5558480019247876,-0.6755292463098805,-0.6870481182004411,0,0,0,1,0,1,0,0,0,0,0,1,0,0,0,0,7403
132,0.059180426078345526,0.08409170541969227,1.6073142237899396,-0.08856030123105485,0,1,0,0,0,0,0,1,0,0,0,0,0,0,0,1,4105
581,1.4677388649966703,1.5480699278396521,0.12449245761131861,1.3910646543746004,0,0,0,1,0,0,0,0,0,0,0,0,1,0,0,0,5464
450,-0.9789459174518422,-1.0204566435573543,-2.425027258181514,0.011247817793186626,0,1,0,1,0,0,1,0,0,0,0,0,0,0,0,0,5102
41,-1.7156502929939794,-1.652007817981973,-0.9033050960082712,-1.0399253570165619,1,0,0,0,0,0,0,0,0,0,0,0,0,0,0,0,1746
108,0.022592710819787216,0.05291758019135109,0.21826555104763776,-0.37933649264036884,0,1,0,0,0,0,0,0,0,0,0,0,0,0,0,1,3204
281,0.2146686121321543,0.26761839307396756,0.6519792953615599,-1.6427573066607681,0,0,1,0,0,0,0,0,0,1,0,0,0,1,0,0,5511
56,-1.203032639688639,-1.2273484679109359,-0.6813878667878267,0.0029471827437618035,1,0,0,0,0,0,0,0,0,0,0,0,1,0,0,0,1969
544,1.8244512531482098,1.8914304733435607,-1.0271871381433746,-0.2798090714197312,0,0,0,1,0,0,0,0,0,0,0,0,0,0,0,0,5463
605,1.0058402254035843,0.9585562142296891,-0.5817561528735609,-0.9862987099661725,0,0,0,1,0,0,0,0,0,0,0,0,0,0,0,0,7697
338,-0.6359532365369007,-0.5365157558644734,1.3523622522106564,-1.6593545667909944,0,0,1,0,1,0,0,0,0,0,0,0,0,0,0,1,3811
539,1.3259648982965646,1.19672727292087,-1.0945858896921823,-0.5456967242428473,0,0,0,1,0,0,0,0,0,0,0,0,1,0,0,0,6891
24,-1.526938463896026,-1.5220620444944581,-0.12548707137743886,-0.755939379142043,1,0,0,0,0,0,0,0,0,0,0,0,0,0,0,1,1985
290,0.16893808397112683,0.2598155874337125,0.47029172896686716,-1.019380951105184,0,0,1,0,0,0,0,0,0,1,0,0,0,0,0,1,4748
198,1.3442614998672915,1.3801797659097865,0.11570101031548126,0.3936918919222338,0,0,0,0,0,1,0,0,0,0,0,0,0,0,0,0,4458
606,1.1247461840817288,1.0639497363721535,-0.3121470803626578,-1.4600805127316665,0,0,0,1,0,0,0,0,0,0,0,0,0,0,0,0,7713
371,-0.5947941148271075,-0.5559671239660922,-0.7253451032670134,-0.15495201506437573,1,0,0,1,0,0,0,0,0,0,0,0,1,0,0,0,4521
292,-0.14204377601938475,-0.08763803044250129,0.010203642765433018,3.1534993303920538,0,0,1,0,0,0,0,0,0,1,0,0,0,0,0,0,4195
110,-0.23350483234143962,-0.1657464643991924,-1.601564039190694,1.8567155774290394,0,1,0,0,0,0,0,0,0,0,0,0,0,0,0,0,4189
82,-1.1893129324520413,-1.2975799015620126,1.2029076481814214,0.7677283985052455,0,1,0,0,0,0,1,0,0,0,0,0,0,0,0,1,1865
51,-1.0887035753446235,-1.2157060883383524,-0.20958253963050083,1.6239769985553163,1,0,0,0,0,0,0,0,0,0,0,1,0,0,0,1,1107
399,-1.303641996796057,-1.2858818759904098,1.0182872549688369,-0.8615352195453516,1,0,0,1,0,0,0,0,0,0,0,0,1,0,0,1,2832
584,1.3625526135551234,1.4036252801632316,0.268088441162608,-1.0111872485523703,0,0,0,1,0,0,0,0,0,0,0,0,0,0,0,1,7534
503,0.5393701793592639,0.5330188939519037,-1.2557647678351458,-1.3684086200433105,0,1,0,1,0,0,0,1,0,0,0,0,0,0,0,0,8294
294,-0.43472903443916994,-0.3413405057488345,-0.03961221419169985,-1.2522304724441409,0,0,1,0,0,0,0,0,0,1,0,0,1,0,0,0,4308
653,-0.18320289772917786,-0.12275065582364984,-0.5377989163943742,-0.05519736228843976,0,0,1,1,0,0,0,0,0,1,0,0,0,0,0,0,7534
668,-0.7914414225907092,-0.7394690800652479,0.22413120468342126,-0.2631008688242709,0,0,1,1,0,0,0,0,0,1,0,0,0,0,0,1,5566
694,-1.0338247463982329,-0.8760861905462933,-0.6989707613795013,-1.8673155495437537,0,0,1,1,0,0,0,0,1,0,0,0,0,1,0,0,5087
212,1.4814585722332678,1.3762659973120992,-0.5905476001693982,-0.3960981614841347,0,0,0,0,0,0,0,0,0,0,0,0,0,0,0,0,4266
18,-1.1499428605659008,-1.1270001830128837,0.7521244297979025,0.2936164416564648,1,0,0,0,0,0,0,0,0,0,0,0,0,0,0,1,1650
530,0.7543140886935917,0.7361020588170563,-0.3180127339984403,-0.13010357616440713,0,1,0,1,0,0,0,0,0,0,0,0,0,0,0,0,7665
264,0.6948583654130722,0.4591642874757952,1.8798490899608975,-0.7782749043716544,0,0,0,0,0,0,0,0,0,0,1,0,0,0,0,1,4795
291,0.21964063403469727,0.2049548152895091,1.8315594282543222,0.7617401786950319,0,0,1,0,0,0,0,0,0,1,0,0,0,0,1,0,2424
480,-0.018566410890005897,0.017829686365322134,0.8571154099837107,-0.12999664366779612,0,1,0,1,0,0,0,0,0,0,0,0,0,0,0,1,5026
83,-1.303641996796057,-1.3873616295351872,-0.9832299016641879,0.5931343646637236,0,1,0,0,0,0,1,0,0,0,0,0,0,0,0,0,2210
61,-1.6649312792817252,-1.7347101383021424,-2.225756797195146,0.5266891845820972,1,0,0,0,0,0,1,0,0,0,0,0,0,0,0,0,1685
541,0.7085780726496702,0.7048784704784754,-1.8389331161783025,2.1559127029464653,0,0,0,1,0,0,0,0,0,0,0,0,0,0,0,0,7442
423,-0.7822931218053459,-0.7863044625731189,-1.6806870648532302,0.09445466671857881,1,0,0,1,0,0,0,0,0,0,0,0,0,0,0,0,4363
29,-1.5651121773111352,-1.4243971333268897,0.6145206967234559,-1.5019726549352121,1,0,0,0,0,0,0,0,0,0,0,0,0,1,0,0,1096
443,0.3244262700249356,0.35757942482175936,1.2175647491130421,-0.869889320843082,1,0,0,1,0,0,1,0,0,0,0,0,0,0,0,0,6093
211,1.6689575792115061,1.540137281535019,-1.08286864873629,-0.2878824749138574,0,0,0,0,0,1,0,0,0,0,0,0,0,1,0,0,4302
296,-0.21064231220237345,-0.1461157925229563,0.9655385711938128,-0.9030250282303988,0,0,1,0,0,0,0,0,0,1,0,0,0,0,0,0,4187
628,0.5347987729080296,0.564322859844623,0.2387812724572042,-0.42935416793013875,0,0,0,1,0,0,0,0,0,0,1,0,0,0,0,0,8167
182,1.2985254838233695,1.1537809274555673,-1.3378206203155734,-0.9528823047752522,0,0,0,0,0,1,0,0,0,0,0,0,1,0,0,0,5119
521,0.2878440426492714,0.38082090374546734,-0.16562530315131405,-1.4599695702664328,0,1,0,1,0,0,0,0,0,0,0,0,0,0,0,0,7055
319,-0.24722453957803717,-0.17751868463615456,2.076193757287211,-0.6619323480589453,0,0,1,0,0,0,0,0,1,0,0,0,0,0,1,0,1817
707,-0.6450960494393694,-0.5598808925637795,1.9032976381883557,-0.37928302639206335,0,0,1,1,1,0,0,0,0,0,0,0,1,0,0,1,3228
352,-1.2350434606130687,-1.2351327248848514,0.01899509006127037,-0.1798405536505732,0,0,1,0,1,0,0,0,0,0,0,0,0,0,0,0,3403
583,1.284805776586772,1.3412028350411904,0.4849417967406501,-0.9282076311822763,0,0,0,1,0,0,0,0,0,0,0,0,0,0,0,1,7273
239,1.1268974341764275,1.034148212452954,-0.5136611186989234,1.5813777652179306,0,0,0,0,0,0,0,0,0,0,0,0,0,1,0,0,4334
327,-0.7045517727198889,-0.6691634517488118,-0.6022648411252904,-0.2545863687816244,0,0,1,0,0,0,0,0,1,0,0,1,0,0,0,0,1495
209,1.847313773287276,1.8874363271917345,-0.6491549044223685,-0.1632392835517239,0,0,0,0,0,1,0,0,0,0,0,0,0,0,0,0,3846
369,-1.2944991838935884,-1.2507197874990221,-0.7780937870420376,-0.7533863657854565,1,0,0,1,0,0,0,0,0,0,0,0,0,0,0,0,3272
708,-0.3615590918049474,-0.2789984381809318,2.0410279681038617,0.0528980252231499,0,0,1,1,1,0,0,0,0,0,0,0,0,1,0,1,5170
176,0.9784008109303887,0.9702789713564115,-0.8542910190445189,-1.2272804476723922,0,0,0,0,0,0,0,0,0,0,0,0,0,1,0,0,5305
381,-0.7061432587593344,-0.7198198595226719,0.5717098649716463,2.175802147316101,1,0,0,1,0,0,0,0,0,0,0,0,0,0,0,1,2935
332,-0.23808172667556854,-0.18130879545824338,1.3787365940981684,0.9589370690076923,0,0,1,0,0,0,0,0,1,0,0,0,0,0,0,1,2914
532,0.4982110576494708,0.5643475913997427,-0.2535397761096876,-0.5539973592922722,0,1,0,1,0,0,0,0,0,0,0,0,1,0,0,0,6978
558,1.261943256447705,1.1576452329430154,-1.0477028595529407,-1.4101791265319612,0,0,0,1,0,1,0,0,0,0,0,0,0,0,0,1,7499
137,0.2649760346273106,0.28724906495020414,1.6542042870870182,0.20238965548525195,0,1,0,0,0,0,0,1,0,0,0,0,0,0,0,1,3855
314,-0.9743690231177133,-1.0750948317054807,-1.3260963462018447,1.7152572509748343,0,0,1,0,0,0,0,0,1,0,0,1,0,0,0,0,3368
683,-0.9880887303543109,-0.9658122725204483,-0.10115234526256132,-0.445955438028988,0,0,1,1,0,0,0,0,1,0,0,0,0,0,0,1,5445
645,-0.6496729437734983,-0.5755730642872087,0.5259662064019451,0.044490457677114424,0,0,1,1,0,0,0,0,0,1,0,1,0,1,0,1,5478
163,0.731446080671631,0.7478495474988983,-0.9861627284820792,1.5906140596127007,0,1,0,0,0,0,0,0,0,0,0,0,0,0,0,0,5020
360,-0.969797616666479,-0.9463918188627289,0.8981398196450057,0.028062952885257935,1,0,0,0,1,0,0,0,0,0,0,0,0,0,0,1,1162
640,0.8549234458010099,0.7322624848847278,1.1179260020409396,-1.6013771037847473,0,0,1,1,0,0,0,0,0,1,0,0,0,0,0,1,7572
625,0.6674189509398771,0.5216361957080765,1.671787181678693,2.288843162795947,0,0,0,1,0,0,0,0,0,0,1,0,0,0,0,1,4073
711,-1.1298626970544163,-1.153178534107052,-1.0477028595529407,-0.1633595826104112,0,0,1,1,1,0,0,0,0,0,0,0,0,0,0,0,5532
311,-0.5124758714075218,-0.42323905052761446,0.6109548857002648,-1.5680716410590605,0,0,1,0,0,0,0,0,1,0,0,0,0,0,0,0,4205
333,-0.969797616666479,-1.0478653895187262,-0.1509752353775306,1.1335845690975193,0,0,1,0,0,0,0,0,1,0,0,0,0,0,0,0,3613
456,-0.3720958269626545,-0.3288448875246222,-0.9174839422069977,1.6813596495491645,0,1,0,1,0,0,0,0,0,0,0,0,0,1,0,0,5936
104,-0.3021033685244278,-0.23981128909381802,0.25636416704887893,0.534989819631522,0,1,0,0,0,0,0,0,0,0,0,1,0,0,0,0,3126
114,0.5759578946178222,0.5799593855690333,0.9977785667171084,-0.013600621106781983,0,1,0,0,0,0,0,0,0,0,0,0,0,0,0,0,4073
655,0.11405925502473618,0.1973931423116709,0.6578379158395055,0.6761674482821229,0,0,1,1,0,0,0,0,0,1,0,0,0,0,0,1,7509
329,-0.6908320654832913,-0.5911601269013796,0.3296285722334695,-1.576314799891557,0,0,1,0,0,0,0,0,1,0,0,0,1,0,0,0,3068
654,-0.2518014339121661,-0.18914251554239817,0.4087515978960057,-1.1358839061628092,0,0,1,1,0,0,0,0,0,1,0,0,0,0,0,0,7461
537,1.5134693931576977,1.5050493877089894,-0.42936872202643467,-0.046896727239015286,0,0,0,1,0,0,0,0,0,0,0,0,0,0,0,0,5823
92,-0.6771123582466936,-0.6302359839904548,-1.0887272692142362,-0.055304294785050764,0,1,0,0,0,0,0,0,0,0,0,0,0,1,0,0,3249
7,-1.847858879808729,-1.9689117823966171,-0.6960449677194465,1.0753865578170123,1,0,0,0,0,0,0,0,0,0,0,0,1,0,0,1,959
89,-1.2807794766569909,-1.3795526410061518,1.994137904806783,0.41831309926690374,0,1,0,0,0,0,1,0,0,0,0,0,0,0,1,0,1685
603,1.106449582511002,1.075752871053015,0.6724950167711263,-0.7701480346292223,0,0,0,1,0,0,0,0,0,0,0,0,0,1,0,0,6917
570,1.2207841347379125,1.0718329195665477,-1.2997220043143327,-0.28805624022085013,0,0,0,1,0,1,0,0,0,0,0,0,0,0,0,0,8173
426,-0.48045956260019734,-0.41553517110783783,-0.09529372478461523,-0.33779321770701626,1,0,0,1,0,0,1,0,0,0,0,0,0,0,0,1,4066
676,-0.820669886887557,-0.8582361906386726,-2.119239621758781,2.158492449427204,0,0,1,1,0,0,0,0,1,0,0,0,0,0,0,0,5315
613,1.0698673551353381,1.0797161027609417,1.2351476437047169,-0.5871865329278945,0,0,0,1,0,0,0,0,0,0,1,0,0,0,0,1,6203
486,0.34272287159566206,0.3536409246689524,1.14136751711056,-0.6455048432670889,0,1,0,1,0,0,0,1,0,0,0,0,0,0,0,0,6169
408,-1.5323056133669828,-1.562949487996049,-1.5722568704852906,-0.25486706658522823,1,0,0,1,0,0,0,0,0,0,0,0,0,0,0,0,3422
693,-1.4042568417863697,-1.3795031778959128,-1.1707831216946636,-0.47919807791291547,0,0,1,1,0,0,0,0,1,0,0,0,1,0,0,0,2424
140,0.5530898865958614,0.5643475913997427,-0.057195108783374554,-0.8781899558925065,0,1,0,0,0,0,0,1,0,0,0,0,1,0,0,0,5805
28,-1.6748698352039166,-1.6605587531645982,0.11914022449761306,-0.5478353741750664,1,0,0,0,0,0,0,0,0,0,0,0,1,0,0,0,1098
43,-1.016323887847229,-0.9681555873680369,-1.2477399347435054,0.9962431437628363,1,0,0,0,0,0,0,0,0,0,0,0,0,1,0,0,1589
42,-1.5323056133669828,-1.5317815456564876,-0.6374306303086399,0.22745195937844223,1,0,0,0,0,0,0,0,0,0,0,0,1,0,0,0,1472
73,-1.0115549176117875,-1.004851032276844,0.1466609711125024,-0.027287980672982895,1,0,0,0,0,0,1,0,0,0,0,0,0,0,0,1,2056
167,0.8091929176399824,0.739991095859624,0.7105865996145295,-0.5790596631854624,0,1,0,0,0,0,0,0,0,0,0,0,0,0,0,0,4844
526,1.2024875331671856,1.1068713502823369,-0.32972997495433254,0.2855430381623386,0,1,0,1,0,0,0,0,0,0,0,0,0,1,0,1,6664
638,0.10491095423937297,0.19352883682422278,0.1010509425416983,-1.2771256943113767,0,0,1,1,0,0,0,0,0,1,0,0,0,1,0,1,6778
66,-1.1481538107422484,-1.102404651446374,-1.5048581189364831,-0.8781899558925065,1,0,0,0,0,0,1,0,0,0,0,0,0,0,0,0,2133
11,-1.805454008681853,-1.9799235073136494,-0.24794841562953482,1.5809500352314865,1,0,0,0,0,0,0,0,0,0,0,0,0,0,0,0,1162
340,-0.5033275706221586,-0.4974337158866182,2.360452897571898,1.0669789902709768,0,0,1,0,1,0,0,0,0,0,0,0,0,0,1,0,705
178,1.3305417926306935,1.30989886914847,-0.004446425008350437,-0.5622979943416967,0,0,0,0,0,0,0,0,0,0,0,0,0,0,0,0,4648
507,0.6582761380374085,0.6424807569115534,0.9831214657854875,-1.1274763386167737,0,1,0,1,0,0,0,1,0,0,0,0,0,0,0,1,5260
469,0.5759578946178222,0.5760950800815852,-0.8923826018879232,0.5183350832843673,0,1,0,1,0,0,0,0,0,0,0,0,1,0,0,0,7132
177,0.9921205181669868,0.9664146658689634,0.16551686727261364,-1.052783989734028,0,0,0,0,0,0,0,0,0,0,0,0,0,0,0,1,4708
495,0.17350949042236116,0.24814229341722926,-1.929773382796731,0.6761674482821229,0,1,0,1,0,0,0,1,0,0,0,0,0,0,0,0,7030
580,1.6003590430285184,1.6728900865286158,-0.1509752353775306,0.950462668651275,0,0,0,1,0,0,0,0,0,0,0,0,0,0,0,0,6824
257,0.41589281422988456,0.45117599517214263,0.5230404127418913,1.1334241703526031,0,0,0,0,0,0,0,0,0,0,1,0,0,0,0,1,3659
648,-0.3661304982561817,-0.30625261192280556,-1.205948910878013,-0.06355146358617009,0,0,1,1,0,0,0,0,0,1,0,0,0,0,0,0,7570
15,-1.4819981908718265,-1.5239725571274525,-1.062352927326724,0.02783572132995963,1,0,0,0,0,0,0,0,0,0,0,0,0,1,0,0,1204
669,-0.745710894429682,-0.6847999774732221,-0.3736872114335193,-0.38769059393809885,0,0,1,1,0,0,0,0,1,0,0,0,0,0,0,1,5986
256,0.9418130956718304,0.9039427576366821,0.43805173344357157,-0.25463983502992993,0,0,0,0,0,0,0,0,0,0,1,0,0,0,0,0,4785
306,-0.5124758714075218,-0.4623458220605893,0.473217522626921,-0.6620927468038619,0,0,1,0,0,0,0,0,1,0,0,0,0,0,0,0,3974
323,-0.21064231220237345,-0.1461714385219752,0.35013726048519805,-0.005353452305662665,0,0,1,0,0,0,0,0,1,0,0,0,0,1,0,1,3520
728,-1.349378012839979,-1.5395348881865034,-1.0652857541446155,2.197509444128123,1,0,0,1,1,0,0,0,0,0,0,0,1,0,0,0,1796
396,-0.17862600339504897,-0.08755765288836277,-0.8923826018879232,0.0363101216863769,1,0,0,1,0,0,0,0,0,0,0,0,0,0,0,0,4579
513,1.2116358339525488,1.188924467280615,0.35013726048519805,1.457616766952837,0,1,0,1,0,0,0,1,0,0,0,0,0,0,0,0,5743
462,-0.009418110104642675,0.07249878895734796,-2.524666005253616,0.6181432023086088,0,1,0,1,0,0,0,0,0,0,0,0,1,0,0,0,5169
380,-1.7106618074427526,-1.7932620950479563,-0.7898180611557661,0.6015953984580645,1,0,0,1,0,0,0,0,0,0,0,1,0,0,0,0,2298
9,-1.9256057167770806,-2.0391864962691537,-1.0682115478046703,0.4934465446981694,1,0,0,0,0,0,0,0,0,0,0,0,0,0,0,0,1321
249,0.5347987729080296,0.39279715931216647,1.9853464575109459,-1.1940311245074262,0,0,0,0,0,0,0,0,0,0,1,0,0,0,1,0,1996
22,-2.223659771032691,-2.3609990560861736,-1.3945149056369692,0.8053285376260693,1,0,0,0,0,0,0,0,0,0,0,0,0,1,0,0,986
221,1.4540191577600727,1.2630634866405994,-1.4814095707090258,0.18589531788301367,0,0,0,0,0,0,0,0,0,0,0,0,0,0,0,0,4780
482,-0.6862551711491625,-0.63804497251949,-1.0213285176654285,-0.753546764530373,0,1,0,1,0,0,0,0,0,0,0,0,0,0,0,1,4220
714,-0.7640020081175138,-0.6848247090283417,1.4344181046910842,-1.1442914737088448,0,0,1,1,1,0,0,0,0,0,0,0,1,0,0,1,3786
626,0.27869574186390816,0.3691476097289841,-0.690179314083664,0.385284324376198,0,0,0,1,0,0,0,0,0,0,1,0,0,0,0,0,7591
609,1.0698673551353381,1.0405845996728476,1.2673806060701747,-1.6344593449237586,0,0,0,1,0,0,0,0,0,0,1,0,1,0,0,1,5810
203,1.906769496567795,2.0007068496398137,-0.9480641124808386,-0.7368920281832182,0,0,0,0,0,1,0,0,0,0,0,0,1,0,0,0,3285
446,0.5485184801446271,0.5525506396076614,0.41754304519184304,-0.9363345009247084,0,1,0,1,0,0,1,0,0,0,0,0,0,0,0,1,8362
93,0.3930248062079238,0.38475940389827473,-1.4667595029352423,2.6628930359410345,0,1,0,0,0,0,0,0,0,0,0,0,0,0,0,0,3115
331,0.00966874660291193,0.0582595960971992,0.7612956676169197,-0.5911831349887285,0,0,1,0,0,0,0,0,1,0,0,0,0,0,0,0,3867
516,0.836632332113178,0.7868512099226146,0.8483239626878734,0.6845349161419296,0,1,0,1,0,0,0,0,0,0,0,0,0,0,0,1,4127
485,0.6125401219934864,0.5955464481832039,0.17430831456845097,-0.40439879653355915,0,1,0,1,0,0,0,1,0,0,0,0,0,0,0,1,5740
284,0.22838831936875184,0.2288764119790081,1.9091562586663013,0.8260467088444395,0,0,1,0,0,0,0,0,0,1,0,0,0,0,1,0,2416
184,1.23450384197451,1.1420890847727445,0.021927916879161624,-1.4017688856735104,0,0,0,0,0,1,0,0,0,0,0,1,0,0,0,1,6043
588,1.0927298752744043,1.013250048376834,-0.7341365505628508,-0.8533014173063089,0,0,0,1,0,0,0,0,0,0,0,0,1,0,0,0,6544
328,-0.6954034719345257,-0.6184637637534927,0.06295232654045714,-1.1689688206142357,0,0,1,0,0,0,0,0,1,0,0,0,0,0,0,0,2792
153,0.6491278372520453,0.658067819525724,-1.9737306192759176,0.8924918889260659,0,1,0,0,0,0,0,0,0,0,0,0,0,0,0,0,5312
75,-0.475888156148963,-0.43506691676359593,-0.22423260740428427,0.3104850429968416,1,0,0,0,0,0,1,0,0,0,0,0,0,0,0,0,2744
585,1.3945634344795532,1.3528699461688936,-0.10115234526256132,-0.4043453302852536,0,0,0,1,0,0,0,0,0,0,0,0,0,0,0,0,7286
277,0.20094890489555672,0.2871254071746056,0.09225949524586095,-0.12164254237006614,0,0,1,0,0,0,0,0,0,1,0,0,0,0,0,0,4826
68,-0.6180737140661666,-0.5875678685202478,-4.46464303081578,1.009529506466746,1,0,0,0,0,0,1,0,0,0,0,0,0,0,1,0,623
425,-0.8143094306126702,-0.7472471541503833,0.15672541997677628,-0.5539973592922722,1,0,0,1,0,0,1,0,0,0,0,0,0,0,0,1,3194
188,1.1384658913183263,1.1734115993318033,0.8659068572795481,0.5183350832843673,0,0,0,0,0,1,0,0,0,0,0,0,0,0,0,1,4040
271,0.6308367235642128,0.5800335802343921,0.45270883437519244,-0.180014318957566,0,0,1,0,0,0,0,0,0,0,1,0,0,0,0,0,4839
236,1.00126881895235,1.021133231571229,0.962612777533759,0.32724671184060744,0,0,0,0,0,0,0,0,0,0,0,0,0,0,0,1,3542
88,-1.1069946890324553,-1.1336282397849546,0.08346804795002359,-0.1799474861471842,0,1,0,0,0,0,1,0,0,0,0,0,0,0,0,1,1536
618,0.41589281422988456,0.4550155691044711,-0.8074009557474409,-1.2604174917159165,0,0,0,1,0,0,0,0,0,0,1,0,0,0,0,0,7767
117,0.6354081300154472,0.6073433999752852,0.46442607533108365,1.7985710323968376,0,1,0,0,0,0,0,0,0,0,0,0,0,0,0,1,4058
125,-0.12374717444865832,-0.04069753882537167,-0.31507990718054907,0.5599986572764069,0,1,0,0,0,0,0,1,0,0,0,0,0,0,0,0,4608
598,0.9098022747474005,0.8727439008532213,0.29738857671017394,-1.5514195780243212,0,0,0,1,0,0,0,0,0,0,0,0,0,0,0,0,7375
289,0.17808638475649008,0.18564565362982835,-0.38834431236513917,-0.1466513800149509,0,0,1,0,0,0,0,0,0,1,0,0,0,0,0,0,4570
238,0.9784008109303887,0.9574618429156434,1.5135411303536204,2.529842277032866,0,0,0,0,0,0,0,0,0,0,0,0,1,0,0,1,1115
0,-0.864611365224932,-0.7238572858959577,1.2029076481814214,-0.3462542515013576,1,0,0,0,0,0,0,0,0,0,0,0,1,0,0,1,985
721,-1.4042568417863697,-1.3678298838794294,-0.839633918112899,-0.7120034895970208,1,0,0,1,1,0,0,0,0,0,0,0,1,0,0,0,1787
567,0.9098022747474005,0.8806023524924956,0.8981398196450057,-1.2354674669441676,0,0,0,1,0,1,0,0,0,0,0,0,1,0,0,1,7410
635,0.6445564308008104,0.6502155507752297,0.3882358764864392,-0.296356875270275,0,0,1,1,0,0,0,0,0,0,1,0,0,0,0,1,7415
586,1.1750481186939905,1.1577008789420347,0.5699234428811318,0.7012431187373899,0,0,0,1,0,0,0,0,0,0,0,0,0,0,0,1,5786
278,-0.041428931029072566,-0.0016958764016558354,-0.09822655160250647,-0.6869946519521356,0,0,1,0,0,0,0,0,0,1,0,0,0,0,0,0,4765
116,0.6491278372520453,0.58392880016574,1.4109765896214639,1.6821750098358232,0,1,0,0,0,0,0,0,0,0,0,0,0,0,0,1,3872
228,1.2162072404037831,1.1498424273027603,-0.41764444791270605,-0.5705317965807397,0,0,0,0,0,0,0,0,0,0,0,0,0,0,0,0,4694
411,-1.0155281448275062,-0.9307552931383192,0.8307410680961986,-1.2688277325743675,1,0,0,1,0,0,0,0,0,0,0,0,0,0,0,1,3005
362,-1.390537134549772,-1.3404953325834166,-0.4264358952085434,-0.8947377597430506,1,0,0,0,1,0,0,0,0,0,0,0,0,0,0,0,2423
274,-0.7960128290419435,-0.8370536136786773,1.1032759342671565,0.47668487585440394,0,0,1,0,0,0,0,0,0,1,0,0,0,1,0,1,2918
318,0.1552183767345293,0.16619428552820967,0.37944442919060184,0.17754121658528335,0,0,1,0,0,0,0,0,1,0,0,0,0,0,0,1,4195
493,0.402173106993287,0.4471818490203164,0.7692009370253372,0.40181876166466546,0,1,0,1,0,0,0,1,0,0,0,0,0,0,0,1,4717
144,0.8732145594888417,0.8337175068743854,0.43219311296562596,-0.42930070168183326,0,1,0,0,0,0,0,1,0,0,0,0,0,0,0,0,4978
428,-1.4179765490229672,-1.4809767485519099,-0.9041068760016517,0.5681789932671444,1,0,0,1,0,0,1,0,0,0,0,0,0,1,0,0,3333
420,-1.1573021115276116,-1.3913001296879943,-1.6806870648532302,3.1450382965977126,1,0,0,1,0,0,0,0,0,0,0,0,1,0,0,0,2732
659,-0.07801664628763089,0.013866454657395147,-0.4674673380276753,-1.4017140827689971,0,0,1,1,0,0,0,0,0,1,0,0,0,1,0,0,7058
531,0.7131549669837991,0.704903202033595,-0.9187569437754352,-0.2631008688242709,0,1,0,1,0,0,0,0,0,0,0,0,0,0,0,0,7702
268,0.8091929176399824,0.6698709542065858,1.5018168562398913,-1.0111872485523703,0,0,1,0,0,0,0,0,0,0,1,0,0,0,0,1,4630
514,0.8503520393497755,0.8064324186886119,0.24757271975304157,-0.6953487532498659,0,1,0,1,0,0,0,1,0,0,0,0,0,0,0,1,6855
307,-0.5399152858807169,-0.47798234778499954,-0.08650227748877787,1.1418852041469438,0,0,1,0,0,0,0,0,1,0,0,0,0,0,0,1,4046
310,-0.5856458140417443,-0.4935694103991701,0.8717654777574937,-1.72596415558616,0,0,1,0,0,0,0,0,1,0,0,0,0,0,0,0,4035
46,-1.0067804594934515,-1.0170807862835196,-1.4862554164584914,0.8747143613644965,1,0,0,0,0,0,0,0,0,0,0,0,0,0,0,0,2115
261,0.2604046281760763,0.3028113960092551,0.3882358764864392,-0.4625968078140662,0,0,0,0,0,0,0,0,0,0,1,0,0,0,0,1,4539
195,0.8869342667254397,0.8883062319122723,-0.3062884598847117,-0.04701702629770258,0,0,0,0,0,1,0,0,0,0,0,0,0,0,0,0,5538
729,-1.5688933286255415,-1.5903149537359615,-0.4029943801389226,-0.42110699912901944,1,0,0,1,1,0,0,0,0,0,0,0,0,1,0,1,2729
610,1.129317590532963,1.1186683020744181,1.097410280631373,-0.470897442863491,0,0,0,1,0,0,0,0,0,0,1,1,0,1,0,0,6034
107,0.059180426078345526,0.1387855395668377,-0.6491549044223685,-0.30453721126101213,0,1,0,0,0,0,0,0,0,0,0,0,0,0,0,0,3429
59,-1.2899222895594595,-1.3405757101375555,-0.7019035881973926,0.40199252697165827,1,0,0,0,0,0,1,0,0,0,0,0,0,0,0,0,1851
545,1.444870856974709,1.2786752808098898,-0.2359568815180129,-0.33790015020362724,0,0,0,1,0,0,0,0,0,0,0,0,0,0,0,0,5687
473,-0.018566410890005897,0.07633836288967645,-0.1568338558554767,-1.609618925961036,0,1,0,1,0,0,0,0,0,0,0,0,0,0,0,0,6565
100,0.5155088645333729,0.522563629025064,0.5778216791317125,1.8462361927611661,0,1,0,0,0,0,0,0,0,0,0,0,0,0,0,1,3348
395,-0.6130852285149396,-0.6144696176016664,-1.53415825448405,1.0087275127421638,1,0,0,1,0,0,0,0,0,0,0,0,0,0,0,0,4509
652,0.3290031643590645,0.3613942671989682,0.5113161386281622,1.4661312669954842,0,0,1,1,0,0,0,0,0,1,0,0,0,1,0,1,5875
529,0.8046160233058535,0.8883804265776312,-0.45867589073183795,0.9006722249168034,0,1,0,1,0,0,0,0,0,0,0,0,0,0,0,0,7363
377,-1.2487631678496662,-1.43033270655561,-0.8953154287058144,2.5631383831650987,1,0,0,1,0,0,0,0,0,0,0,0,0,0,0,0,3214
179,1.2436466548769787,1.075752871053015,-0.962714180254622,1.0087809789904698,0,0,0,0,0,0,0,0,0,0,0,0,0,0,0,0,5225
304,-0.5536349931173149,-0.5169592786535963,0.34427864000725245,-0.6787474831510166,0,0,1,0,0,0,0,0,1,0,0,0,0,0,0,0,4068
357,-1.0932749817958578,-1.1219302142133516,-0.6491549044223685,0.0528445589748444,1,0,0,0,1,0,0,0,0,0,0,0,1,0,0,0,1011
394,-1.2762025823228618,-1.3483290526675713,-1.6455212756698807,0.3935314931773173,1,0,0,1,0,0,0,0,0,0,0,0,0,0,0,0,3624
701,-0.2700925475999984,-0.15397424416223068,0.9333056088283551,-1.3851729621994915,0,0,1,1,1,0,0,0,0,0,0,0,0,1,0,0,6234
149,1.2710860693501738,1.177176978598773,0.3530700873030898,-0.7368385619349127,0,1,0,0,0,0,0,1,0,0,0,1,0,0,0,0,4098
124,-0.23350483234143962,-0.2397865575386984,-1.3407464139756282,1.4575098344562267,0,1,0,0,0,0,0,1,0,0,0,0,0,0,0,0,4433
576,1.1613284114573925,1.126502022158573,0.48787462355854183,-0.2797021389231202,0,0,0,1,0,1,0,0,0,0,0,0,0,0,0,0,7216
633,0.731446080671631,0.7166816051593369,-0.027894973235807648,0.7759221010580589,0,0,1,1,0,0,0,0,0,0,1,0,0,0,0,0,7733
185,1.3442614998672915,1.3332701887365563,-0.3121470803626578,-0.8032302757682336,0,0,0,0,0,1,0,0,0,0,0,0,0,0,0,0,4665
477,-0.9880887303543109,-1.1102878346407679,0.9274469883504095,1.5658324535231143,0,1,0,1,0,0,0,0,0,0,0,0,0,1,0,1,3214
559,1.106449582511002,1.1459533902601926,0.45270883437519244,-0.5703713978358231,0,0,0,1,0,1,0,0,0,0,0,0,0,0,0,1,6969
713,-0.9743690231177133,-0.8799257644786218,0.10984238983753566,-1.0693317935845719,0,0,1,1,1,0,0,0,0,0,0,0,0,0,0,0,5047
719,-0.9606493158811155,-1.1063184200440612,-0.5495161573502664,2.513347939430627,1,0,0,1,1,0,0,0,0,0,0,0,0,0,0,1,3623
388,-0.8737596660102952,-0.813614282314012,1.4139023832815178,-0.8365263819004669,1,0,0,1,0,0,0,0,0,0,0,0,0,0,0,0,4339
321,-1.2487631678496662,-1.2859066075455297,-1.5810483177811279,-0.2381588639897679,0,0,1,0,0,0,0,0,1,0,0,0,0,0,0,0,3392
353,-0.6359532365369007,-0.5208792301400632,-0.2769812911793084,-1.6678757501146788,0,0,1,0,1,0,0,0,0,0,0,0,0,0,0,1,3750
672,-0.9652262102152447,-0.9346134157369871,-0.716553655971176,-0.09680747003217417,0,0,1,1,0,0,0,0,1,0,0,0,1,0,0,0,5107
142,0.7131549669837991,0.6776242967366016,1.2322148168868252,0.6347979386557635,0,1,0,0,0,0,0,1,0,0,0,0,0,0,0,1,4274
141,0.5622381873812247,0.5799593855690333,0.8072925198687404,-0.5125075506072251,0,1,0,0,0,0,0,1,0,0,0,0,0,1,0,0,4660
439,-0.3615590918049474,-0.27495482891886586,1.4578596197607046,-0.9778777758580607,1,0,0,1,0,0,1,0,0,0,0,0,0,0,0,1,4378
320,-0.8783310724615295,-0.9736707241597228,-0.4147186542526512,1.5907744583576178,0,0,1,0,0,0,0,0,1,0,0,0,0,0,0,1,3053
19,-1.3173617040326548,-1.3951644351754424,-0.6784620731277718,0.12769730660250625,1,0,0,0,0,0,0,0,0,0,0,0,0,0,0,1,1927
172,1.2710860693501738,1.3177573207877453,0.5113161386281622,-0.18831495400699083,0,0,0,0,0,0,0,0,0,0,0,0,0,0,0,0,4507
630,0.150646970283295,0.23639480473538718,-1.179574568990501,0.49332624563948213,0,0,1,1,0,0,0,0,0,0,1,0,1,0,0,0,7907
312,-0.5582063995685492,-0.44282025929361174,0.8688326509396019,-1.6595216488169489,0,0,1,0,0,0,0,0,1,0,0,0,0,0,0,0,4109
678,-0.617656634966174,-0.5364415611991142,0.07467660065418624,-1.7176661938491504,0,0,1,1,0,0,0,0,1,0,0,0,0,0,0,0,6536
12,-1.847858879808729,-2.0392174107130527,-1.1561260207630437,1.5324695145804996,1,0,0,0,0,0,0,0,0,0,0,0,0,0,0,0,1406
305,-0.6816837646979281,-0.5599612701179184,0.5904391642906983,-1.3935818664017348,0,0,1,0,0,0,0,0,1,0,0,0,0,0,0,0,4186
354,-0.4027182135147405,-0.3257287115795443,1.5721484346065902,0.4684911733015902,1,0,0,0,1,0,0,0,0,0,0,0,0,0,0,1,2660
25,-1.559745027840178,-1.7132740629021703,1.601455603311994,1.4368985957344669,1,0,0,0,0,0,0,0,0,0,0,0,0,0,1,0,506
543,1.357981207103889,1.2045053470060054,-1.4931338448227545,-0.196495289997728,0,0,0,1,0,0,0,0,0,0,0,0,0,0,0,0,6879
169,1.0835870623719357,1.0210837684609888,0.22413120468342126,-1.1274763386167737,0,1,0,0,0,0,0,0,0,0,0,0,0,1,0,1,4744
38,-1.5414539141523462,-1.7463772494298457,-0.6813878667878267,2.3471614731351416,1,0,0,0,0,0,0,0,0,0,0,0,0,0,0,0,1530
451,-0.09630775997546275,-0.06027874759136898,-1.0799358219183988,1.4077728569700603,0,1,0,1,0,0,1,0,0,0,0,0,0,0,0,0,5698
245,0.9189505755327637,0.9429753345042982,0.5757890965169153,-0.013707553603392993,0,0,0,0,0,0,0,0,0,0,1,0,1,0,0,0,4484
298,-0.09630775997546275,-0.048555990464646495,0.6021634384044274,-0.5040331502508079,0,0,1,0,0,0,0,0,0,1,0,0,0,0,0,1,3894
597,0.8091929176399824,0.7439605104563306,0.2739470616405536,-1.5181702548593552,0,0,0,1,0,0,0,0,0,0,0,0,0,0,0,0,7006
272,0.34272287159566206,0.3965068925801168,0.0893266684279692,0.2689952343117945,0,0,1,0,0,0,0,0,0,0,1,0,0,0,0,0,5202
154,0.731446080671631,0.7048290073682362,-1.2557647678351458,-0.8448804831981969,0,1,0,0,0,0,0,0,0,0,0,0,1,0,0,0,5342
126,0.10033954778813864,0.19736841075655084,-0.6579463517182058,-0.3462007852530521,0,1,0,0,0,0,0,1,0,0,0,0,1,0,0,0,4714
518,0.5530898865958614,0.5838731541667206,-0.9949541757779166,-0.03025535745393678,0,1,0,1,0,0,0,0,0,0,0,0,1,0,0,0,7641
341,-1.2944991838935884,-1.383491141158959,-0.3854114855472479,0.717884488522468,0,0,1,0,1,0,0,0,0,0,0,0,0,0,0,0,3322
287,0.027169605153916112,0.11145098827082502,-1.0652857541446155,0.9588167699490053,0,0,1,0,0,0,0,0,0,1,0,0,1,0,0,0,5217
113,0.4387608222518458,0.4393790433800609,1.2380734373647708,0.07785339661972916,0,1,0,0,0,0,0,0,0,0,0,0,0,1,0,1,4191
412,-0.8691882595590609,-0.7980272196998414,-0.0015206313482955878,0.260587666765759,1,0,0,1,0,0,0,0,0,0,0,0,0,0,0,0,4154
173,1.2436466548769787,1.317782052342865,0.4820089699227584,0.7011228196787023,0,0,0,0,0,0,0,0,0,0,0,0,0,0,0,1,4790
359,-0.9876936027858968,-1.0211924073221645,-0.899134433411126,0.7099581172111817,1,0,0,0,1,0,0,0,0,0,0,1,0,0,0,0,1317
670,-0.805161129827307,-0.7707421315140679,-0.7927508879736574,1.0669789902709768,0,0,1,1,0,0,0,0,1,0,0,0,0,0,0,0,5847
57,-0.8683925165393381,-0.8012423218653982,0.3179042981197404,-0.8167305034653654,1,0,0,0,0,0,0,0,0,0,0,0,0,1,0,0,2402
494,0.022592710819787216,0.06852937436064128,-0.5817561528735609,1.7070769149840974,0,1,0,1,0,0,0,1,0,0,0,0,0,0,0,0,6572
222,1.1841964194793537,1.056171662287018,-1.484342397526917,-0.2881097064691557,0,0,0,0,0,0,0,0,0,0,0,0,0,0,0,0,4792
280,0.10948784857350187,0.20120798468887935,0.4673589021489754,-1.8839676125784932,0,0,1,0,0,0,0,0,0,1,0,0,1,0,0,0,5409
17,-1.5643164342914124,-1.535621119588816,1.5955969828340484,-0.5289885216473871,1,0,0,0,0,0,0,0,0,0,0,0,0,0,0,1,683
453,-0.722842886407721,-0.6496873520920735,-0.3795528650693018,-0.6453845442084015,0,1,0,1,0,0,1,0,0,0,0,0,0,0,0,1,5459
322,-0.9469296086445179,-0.9658679185194673,-0.933414044707055,0.5098740494900262,0,0,1,0,0,0,0,0,1,0,0,0,1,0,0,0,3663
255,0.818335730542451,0.7595970361807409,0.5464819278115116,-0.5954337017290134,0,0,0,0,0,0,0,0,0,0,1,0,0,0,0,0,4763
465,-0.8397567435951117,-0.8867825881355493,-1.1621182712398865,1.4559325801312148,0,1,0,1,0,0,0,0,0,0,0,0,0,0,0,0,4862
699,-1.1161429898178188,-1.0127280325824581,1.2087733018172049,-1.6928257748864282,0,0,1,1,1,0,0,0,0,0,0,0,0,0,0,1,5191
190,1.3488329063185258,1.2942376118689407,-0.3971357596609765,-0.038489159692979454,0,0,0,0,0,1,0,0,0,0,0,0,0,1,0,0,4881
490,0.33357457081029884,0.40830384437219813,0.7398937683199334,-0.4874987129623403,0,1,0,1,0,0,0,1,0,0,0,0,1,0,0,1,6359
644,-0.4713167496977287,-0.3764531311299831,0.5171747591061078,-0.6040150345820421,0,0,1,1,0,0,0,0,0,1,0,0,1,0,0,1,3510
416,-1.1738041753917916,-1.1474593619856288,-0.2844997369067082,0.25886338025790767,1,0,0,1,0,0,0,0,0,0,0,0,0,0,0,0,3777
94,-0.48045956260019734,-0.5091564730133408,0.05122805242672803,2.69625597488365,0,1,0,0,0,0,0,0,0,0,0,0,0,0,0,1,1795
180,1.0698673551353381,0.966439397424083,-1.411077992342327,-0.013881318910385791,0,0,0,0,0,0,0,0,0,0,0,0,0,0,0,0,5515
301,-1.3585208257424477,-1.562949487996049,1.7421187600453916,2.205756612929242,0,0,1,0,0,0,0,0,0,1,0,0,1,0,1,0,627
658,-0.20606541786824406,-0.15006047556454336,-0.8777325341141397,-0.2712945713770847,0,0,1,1,0,0,0,0,0,1,0,0,1,0,0,0,6824
536,1.6689575792115061,1.6807732697230098,-0.47039313168773017,-0.9030918610407805,0,0,0,1,0,0,0,0,0,0,0,0,0,0,0,0,5905
506,0.6216884227788496,0.6190661571020082,0.921581334714626,-0.9113791295281289,0,1,0,1,0,0,0,1,0,0,0,0,0,0,0,1,6073
687,-0.663392651010096,-0.6496873520920735,-0.08064365701083177,0.6511719771993145,0,0,1,1,0,0,0,0,1,0,0,0,0,1,0,1,5499
643,0.2878440426492714,0.3575052301564005,0.20654831009174654,1.0917071301122574,0,0,1,1,0,0,0,0,0,1,0,0,0,0,0,0,7965
478,-0.48503645693432623,-0.46629050510217634,-1.2704148356089293,0.8425276798846015,0,1,0,1,0,0,0,0,0,0,0,0,0,0,0,0,5633
5,-1.6319216636704712,-1.5302049090176086,-0.81963161722541,-1.293686864723997,1,0,0,0,0,0,0,0,0,0,0,0,0,0,0,0,1606
715,-0.5947941148271075,-0.4896803733566024,1.915014879144247,-1.1774900039379206,0,0,1,1,1,0,0,0,0,0,0,0,0,1,0,1,4585
45,-1.2931052616383503,-1.3999623568686579,-2.253783931174276,1.403802988033379,1,0,0,0,0,0,0,0,0,0,0,0,0,0,0,0,1815
445,0.2878440426492714,0.314509421580858,1.3816694209160603,-0.9194658995843316,0,1,0,1,0,0,1,0,0,0,0,0,0,0,0,0,6871
550,1.787863537889651,1.7353372632057775,-1.2440404937214173,0.10263500270931598,0,0,0,1,0,1,0,0,0,0,0,0,0,0,0,0,6241
171,0.982972217381623,0.97038408046567,0.9538213302379216,-0.20484939129545832,0,0,0,0,0,0,0,0,0,0,0,0,0,0,0,1,4835
16,-1.788408644411104,-1.8791547859785627,-0.6843206936057179,0.10247460396439947,1,0,0,0,0,0,0,0,0,0,0,1,0,0,0,1,1000
48,0.10948784857350187,0.19342372771496424,-0.8308424708170616,1.0502707876755162,1,0,0,0,0,0,0,0,0,0,0,0,0,0,0,0,2927
705,-0.9926656246884398,-0.9814797126887579,0.9098640937587348,-0.745192663232643,0,0,1,1,1,0,0,0,0,0,0,0,0,0,0,1,5008
667,-1.0072140022421279,-1.0559773395979775,1.3409122712525585,0.3563323509187847,0,0,1,1,0,0,0,0,0,1,0,0,0,0,0,1,1096
3,-1.655782978496362,-1.6605834847197178,-0.31202048352159756,-0.34825923581281276,1,0,0,0,0,0,0,0,0,0,0,0,0,0,0,0,1562
500,0.7405943814569942,0.7127369221177497,0.4439173870793551,-0.8533014173063089,0,1,0,1,0,0,0,1,0,0,0,0,0,0,0,0,7424
602,0.8320554377790491,0.7128667627821285,1.4842339616482167,0.5681789932671444,0,0,0,1,0,0,0,0,0,0,0,0,1,0,0,1,5255
316,-0.3341196773317523,-0.3100674543000144,-1.2411147000613625,1.2747755643101966,0,0,1,0,0,0,0,0,1,0,0,0,0,1,0,0,3717
671,-0.8691882595590609,-0.9698064186722747,-1.0096042435517,1.125177001551484,0,0,1,1,0,0,0,0,1,0,0,0,0,0,0,1,5138
283,0.3564425788322596,0.40434061266427157,1.2234233695909877,-0.5788858978784697,0,0,1,0,0,0,0,0,0,1,0,0,0,0,0,1,4563
96,-0.35241079101958417,-0.29061608619839574,-0.22423260740428427,-0.32131224666685426,0,1,0,0,0,0,0,0,0,0,0,0,0,0,0,0,3141
285,0.47991994396163895,0.4396325418200375,1.8417575071174943,-0.5956609332843118,0,0,1,0,0,0,0,0,0,1,0,0,0,0,0,1,2913
611,1.2299269476403811,1.2748418897663414,0.8453911358699816,0.6679336460430804,0,0,0,1,0,0,0,0,0,0,1,0,0,0,0,0,6864
225,0.9601096972425568,0.8884113410215309,1.2849635006618492,0.4849721443417522,0,0,0,0,0,0,0,0,0,0,0,0,0,1,0,1,3820
26,-1.6832223929695571,-1.6137295535455072,0.37065298189476453,-0.9692563433188032,1,0,0,0,0,0,0,0,0,0,0,0,0,0,0,0,431
572,1.5363374011796584,1.5674718328310315,-0.2828469448150909,-0.44588860521860624,0,0,0,1,0,1,0,0,0,0,0,0,0,0,0,0,6904
263,0.5119307648860684,0.4317740901807632,1.8651990221871146,-1.202272946683715,0,0,0,0,0,0,0,0,0,0,1,0,0,0,0,1,4352
437,0.38845339975668947,0.41992767527844216,-0.8982482555237057,-0.9528823047752522,1,0,0,1,0,0,1,0,0,0,0,0,0,0,0,0,6312
50,-1.1881220618639048,-1.2574096731588922,-1.596338402918048,0.49301881471172576,1,0,0,0,0,0,0,0,0,0,0,0,0,1,0,0,1812
364,-0.5033275706221586,-0.4116461340652701,-0.13339234078585588,0.45183643695443537,1,0,0,0,1,0,0,0,0,0,0,0,1,0,0,0,2485
229,1.1521855985549239,1.1225573391169867,0.13914252538510158,0.626323538299346,0,0,0,0,0,0,0,0,0,0,0,0,0,0,0,0,3805
37,-1.2624828750862642,-1.0946265773612383,0.7281694942062042,-1.8839128096739803,1,0,0,0,0,0,0,0,0,0,0,0,0,0,0,0,1712
157,1.129317590532963,1.0835556766932701,-0.2593983965876337,0.019481620032229304,0,1,0,0,0,0,0,0,0,0,0,0,0,0,0,0,4833
237,1.08815846882317,1.1069455449476957,0.8893483723491684,-1.368575702069265,0,0,0,0,0,0,0,0,0,0,0,0,0,0,0,0,4661
724,-1.4179765490229672,-1.6098157849478196,1.3259879103231442,1.7402660886197194,1,0,0,1,1,0,0,0,0,0,0,0,0,0,1,0,441
374,-1.0592720593806744,-1.0008445203474576,0.08244824006370559,0.016059780140679165,1,0,0,1,0,0,0,0,0,0,0,0,0,0,0,0,3598
370,-0.9194901941713226,-0.8682772020172581,-0.6520877312402598,-0.2465129652874979,1,0,0,1,0,0,0,0,0,0,0,0,0,0,0,0,4098
442,0.23753662015411506,0.3222627641108738,0.6607707426573972,-0.32124541385647243,1,0,0,1,0,0,1,0,0,0,0,0,0,1,0,0,6153
175,1.060719054349975,1.0054225111814594,-1.0652857541446155,0.3103781105002306,0,0,0,0,0,0,0,0,0,0,0,0,1,0,0,0,5202
619,0.5347987729080296,0.5526001027179005,-0.40592720695681384,-0.7285379268854882,0,0,0,1,0,0,0,0,0,0,1,0,0,0,0,0,7870
127,0.14607007594916607,0.23639480473538718,-0.022029319600025143,-1.4932188934313988,0,1,0,0,0,0,0,1,0,0,0,0,0,1,0,0,4333
538,1.261943256447705,1.0640301139262927,-0.7048364150152838,-0.08861376747936035,0,0,0,1,0,0,0,0,0,0,0,0,0,0,0,0,7458
194,0.982972217381623,0.9546671771871209,-1.1151016111017482,0.7260247248269763,0,0,0,0,0,1,0,0,0,0,0,0,0,0,0,0,5084
621,0.7222977798862678,0.7010388965461469,0.2651556143447163,-1.1025744334684995,0,0,0,1,0,0,0,0,0,0,1,0,0,0,0,0,8009
629,0.8137643240912167,0.8024691869806849,0.08346804795002359,1.299664102896394,0,0,0,1,0,0,0,0,0,0,1,0,0,0,0,0,8395
697,-1.2119778888069008,-1.1270001830128837,-0.5566548125544863,-0.9467336862201227,0,0,1,1,0,0,0,0,1,0,0,0,0,0,0,0,5323
698,-1.1161429898178188,-0.9696765780078964,0.10397673620175216,-1.7093120925514205,0,0,1,1,0,0,0,0,1,0,0,0,0,0,0,0,5668
499,0.6033973090910177,0.591731605805995,1.1237846225188852,-0.5207413528462681,0,1,0,1,0,0,0,1,0,0,0,0,0,0,0,1,5115
704,-1.349378012839979,-1.3756636039635841,-0.886523981409977,-0.15500548131268124,0,0,1,1,1,0,0,0,0,0,0,0,0,0,0,0,5375
607,1.4402994505234747,1.2903733063814926,-0.3326628017722238,-0.2381588639897679,0,0,0,1,0,0,0,0,0,0,0,0,0,0,0,0,7350
627,0.24668492093947875,0.3183737270683061,-0.11580944619418118,-0.9113791295281289,0,0,0,1,0,0,0,0,0,0,1,0,0,0,0,0,7720
67,-1.1298626970544163,-1.2000448310588228,0.988987119421271,0.4517829707061299,1,0,0,0,0,0,1,0,0,0,0,0,0,0,0,1,1891
642,0.6216884227788496,0.6151214740604211,-0.05133648830542845,-1.0693317935845719,0,0,1,1,0,0,0,0,0,1,0,0,0,0,0,0,8156
168,1.0698673551353381,1.009385742889386,0.2505055465709333,-0.8947912259913557,0,1,0,0,0,0,0,0,0,0,0,0,1,0,0,0,5119
444,0.16436667751989253,0.20130691090935823,1.3113378425493614,-1.293779094002324,0,1,0,1,0,0,1,0,0,0,0,0,0,0,0,1,6230
631,0.06832872686370875,0.13487177096915037,-0.9978799694379714,-0.5874137644831928,0,0,1,1,0,0,0,0,0,0,1,0,0,1,0,0,7436
162,1.046999347113377,1.0054967058468183,0.7955752789128492,-0.30453721126101213,0,1,0,0,0,0,0,0,0,0,0,0,0,1,0,0,4460
309,-0.8417488450858656,-0.7316910059801125,0.7017951523186922,-1.2604174917159165,0,0,1,0,0,0,0,0,1,0,0,0,0,1,0,0,3649
193,1.3442614998672915,1.2903980379366122,-0.022029319600025143,-0.5375698545004157,0,0,0,0,0,1,0,0,0,0,0,0,0,0,0,0,4342
637,0.13692726304669742,0.22854253598489246,-0.3619699704776271,-0.6869411857038304,0,0,1,1,0,0,0,0,0,0,1,0,1,0,0,0,6889
365,-0.722842886407721,-0.6496873520920735,0.4058187710781139,0.07774646412311852,1,0,0,1,0,0,0,0,0,0,0,0,0,1,0,0,2294
383,-1.7106618074427526,-1.7971264005354044,-0.9656470070725132,0.45188990320274086,1,0,0,1,0,0,0,0,0,0,0,0,0,0,0,0,3292
657,-0.09630775997546275,-0.048580722019766105,-0.4352273425043808,-0.9198000636362409,0,0,1,1,0,0,0,0,0,1,0,0,0,0,0,0,8090
527,0.8320554377790491,0.7244844107995924,1.3963194886898431,0.3768767568301625,0,1,0,1,0,0,0,0,0,0,0,0,0,0,0,1,4972
152,1.1704767122427562,1.0093115482240271,-2.3195298906314656,1.416006659209103,0,1,0,0,0,0,0,0,0,0,0,0,0,0,0,0,4968
501,0.5027824641007052,0.5682922744413297,-0.8074009557474409,0.5764261620682632,0,1,0,1,0,0,0,1,0,0,0,0,0,0,0,0,7384
519,0.5256504721226659,0.6033492538234589,-1.0389114122571033,1.3163723054918546,0,1,0,1,0,0,0,0,0,0,0,0,0,1,0,0,6998
111,-0.9057704869347248,-0.9815044442438775,0.6666293631353428,0.4433754031600944,0,1,0,0,0,0,0,0,0,0,0,0,0,0,0,1,1683
226,0.9006539739620373,0.8375818123618335,0.5435491009936199,0.3021309416991113,0,0,0,0,0,0,0,0,0,0,0,0,0,0,0,0,4338
557,1.1750481186939905,1.0757219566091154,-0.7400022041986333,-0.5289885216473871,0,0,0,1,0,1,0,0,0,0,0,0,0,0,0,0,7446
582,1.376272320791721,1.4192618058876423,0.13621673172504772,-0.7618473995797979,0,0,0,1,0,0,0,0,0,0,0,0,0,1,0,1,7013
103,-0.1877743041804122,-0.11102789869692736,-0.663804972196152,-1.0111872485523703,0,1,0,0,0,0,0,0,0,0,0,0,0,0,0,0,3267
421,-1.221323753376471,-1.3131916957313032,-1.5810483177811279,0.25234049796464003,1,0,0,1,0,0,0,0,0,0,0,0,0,1,0,0,3389
419,-0.5170472778587561,-0.43112223372200886,0.7223108737282586,0.6845883823902348,1,0,0,1,0,0,0,0,0,0,0,0,0,0,0,1,3487
569,1.3671240200063577,1.395791560079077,0.14207535220299333,0.3355473468900319,0,0,0,1,0,1,0,0,0,0,0,0,0,0,0,0,7592
552,1.9753680327507839,2.004577338016041,-1.0037456230737538,-0.30471097656800494,0,0,0,1,0,1,0,0,0,0,0,0,0,0,0,0,4840
74,-0.7490914302927798,-0.7034228384783321,0.9967587588307903,0.22411031885935018,1,0,0,0,0,0,1,0,0,0,0,0,0,0,0,1,2192
115,0.7131549669837991,0.7010388965461469,0.663703569475289,1.8733168475278883,0,1,0,0,0,0,0,0,0,0,0,0,0,0,0,0,4400
407,-2.053654488357694,-2.3435701109044658,-1.1971574635821756,2.978891929988456,1,0,0,1,0,0,0,0,0,0,0,0,0,1,0,0,1529
703,-0.34783938456834984,-0.3257596260234436,-1.0535614800308868,1.8401811401405714,0,0,1,1,1,0,0,0,0,0,0,0,0,0,0,0,5729
119,-0.1603348897072171,-0.10311998394741376,-0.9246225974112177,0.6512789096959255,0,1,0,0,0,0,0,0,0,0,0,0,1,0,0,0,5312
53,-1.5364818922498034,-1.4528693361584073,-1.4893148401174428,-1.2328984137130898,1,0,0,0,0,0,0,0,0,0,0,0,0,0,0,0,1917
151,1.4402994505234747,1.4855485564971316,0.29738857671017394,0.2772424031129138,0,1,0,0,0,0,0,0,0,0,0,0,0,0,0,1,3974
403,-1.3448011185058502,-1.3248588068590066,0.6197463329961022,-0.7034756229922976,1,0,0,1,0,0,0,0,0,0,0,0,0,0,0,1,2802
691,-0.7319911871930842,-0.6301617893250959,-0.46453451120978406,-0.5123337853002323,0,0,1,1,0,0,0,0,1,0,0,0,0,0,0,0,3910
207,1.4997496859210997,1.2982070264656473,-1.6308641747382608,-0.03859609218959047,0,0,0,0,0,1,0,0,0,0,0,0,0,0,0,0,4656
591,1.1247461840817288,1.071727810457289,-0.10701799889834383,-0.22161106013922413,0,0,0,1,0,0,0,0,0,0,0,0,0,0,0,0,7347
523,0.8091929176399824,0.7244040332454533,-1.1737089153547184,-0.14659791376664574,0,1,0,1,0,0,0,0,0,0,0,0,0,0,0,0,7736
722,-1.4839902923625807,-1.3713603133727619,1.1007228979724446,-1.4585607346235836,1,0,0,1,1,0,0,0,0,0,0,0,0,1,0,1,920
690,-0.887479373246893,-0.8058052937849769,-0.38247865872935666,-1.7841648401790824,0,0,1,1,0,0,0,0,1,0,0,1,0,0,0,0,2425
8,-1.9942042529600692,-2.253813114486411,-1.411077992342327,2.3471614731351416,1,0,0,0,0,0,0,0,0,0,0,0,0,1,0,0,822
608,1.3808437272429552,1.3723213142705122,0.02485371053921647,-0.9779446086684425,0,0,0,1,0,0,0,0,0,0,1,0,0,0,0,1,6140
590,1.23450384197451,1.2123390670901604,0.3647943614168189,-0.2298047626920376,0,0,0,1,0,0,0,0,0,0,0,0,0,0,0,0,6784
36,-1.184741526000807,-1.1687408651661029,-0.4674673380276753,-0.5954871679773189,1,0,0,0,0,0,0,0,0,0,0,0,0,1,0,0,1623
452,-0.041428931029072566,0.009921771615808529,-1.3759122031589777,1.7817558973047665,0,1,0,1,0,0,1,0,0,0,0,0,0,0,0,0,6133
139,0.1918060919930881,0.2988976274115678,0.5962977847686439,-0.819871645553312,0,1,0,0,0,0,0,1,0,0,0,0,0,0,0,0,4917
253,0.8320554377790491,0.7946849300067694,0.555273375107349,-0.952989237271863,0,0,0,0,0,0,0,0,0,0,1,0,0,1,0,0,5046
303,-0.887479373246893,-0.7706122908496897,0.4820089699227584,-1.0693317935845719,0,0,1,0,0,0,0,0,0,1,0,0,0,0,0,0,3669
548,1.5317605068455296,1.3722965827153926,-1.0037456230737538,-0.8035109735718374,0,0,0,1,0,1,0,0,0,0,0,0,0,0,0,0,6660
551,1.792434944340885,1.6807176237239905,-1.2938633838363864,-0.5374495554417285,0,0,0,1,0,1,0,0,0,0,0,0,0,0,0,0,6207
525,1.23450384197451,1.1303415960909016,-0.6784620731277718,-0.7034756229922976,0,1,0,1,0,0,0,0,0,0,0,0,1,0,0,0,6598
533,0.3655853917347287,0.39658727013425576,1.0065700140129457,-0.15511241380929225,0,1,0,1,0,0,0,0,0,0,0,0,0,1,0,1,5099
262,0.3290031643590645,0.31852829928780385,1.7333273127495543,-0.6869946519521356,0,0,0,0,0,0,0,0,0,0,1,0,0,0,0,1,3641
297,-0.16490629615845143,-0.10711413009924003,-0.08356945067088661,-0.2632211678829582,0,0,1,0,0,0,0,0,0,1,0,0,0,0,0,0,4687
414,-1.2167523469252366,-1.328772575456694,-0.8367081244528441,0.892371589867379,1,0,0,1,0,0,0,0,0,0,0,0,0,1,0,1,2689
150,1.4997496859210997,1.5128521933492454,0.01313646958332427,-1.0027796810063345,0,1,0,0,0,0,0,1,0,0,0,0,0,0,0,0,3982
578,1.376272320791721,1.399736243120664,0.17430831456845097,-0.7618473995797979,0,0,0,1,0,0,0,0,0,0,0,0,0,0,0,0,7261
647,0.06832872686370875,0.13876080801171808,-0.027894973235807648,0.019655385339222103,0,0,1,1,0,0,0,0,0,1,0,0,0,0,0,0,7691
488,0.6902869589618379,0.6814638706689302,0.7076608059544757,-0.31294477880704796,0,1,0,1,0,0,0,1,0,0,0,0,0,0,0,0,6296
147,0.8457751450156467,0.8141610296635081,0.6666293631353428,0.5846733308693827,0,1,0,0,0,0,0,1,0,0,0,0,1,0,0,0,4758
146,0.9875491117157519,0.966439397424083,0.13328390490715597,0.7261851235718926,0,1,0,0,0,0,0,1,0,0,0,0,0,0,0,0,4679
534,1.0241313390914162,1.0757776026081347,0.3882358764864392,-0.5123872515485378,0,1,0,1,0,0,0,0,0,0,0,0,0,0,0,0,6825
675,-1.1298626970544163,-1.2741591188636874,-0.6139891152390191,1.5740127895138518,0,0,1,1,0,0,0,0,1,0,0,0,0,0,0,1,5035
547,1.5363374011796584,1.3685126547820834,-1.3202377257238986,0.11918280655985977,0,0,0,1,0,1,0,0,0,0,0,0,0,1,0,0,6227
348,-0.43472903443916994,-0.4232946965266338,-0.004446425008350437,1.091934361667556,0,0,1,0,1,0,0,0,0,0,0,0,0,0,0,1,3709
463,-0.06886834550226766,-0.02511047621120108,-2.2316154176730922,2.296983399100455,0,1,0,1,0,0,0,0,0,0,0,0,0,1,0,0,5585
325,-0.4667398553635998,-0.3648107515573991,2.3047713869789823,-0.9030250282303988,0,0,1,0,0,0,0,0,1,0,0,0,0,0,1,0,1607
186,1.1979161267159513,1.2670823643475455,0.7633352833895537,-0.48744524671403483,0,0,0,0,0,1,0,0,0,0,0,0,0,0,0,0,4629
123,-0.48045956260019734,-0.4702042736998637,0.7193780469103669,1.9066797864705038,0,1,0,0,0,0,0,1,0,0,0,0,0,0,0,1,2633
620,0.6079687155422521,0.6112324370178533,0.01606226324337912,-1.3851729621994915,0,0,0,1,0,0,0,0,0,0,1,0,0,0,0,0,7804
143,0.8686431530376074,0.767381293154656,0.745752388797879,0.2772424031129138,0,1,0,0,0,0,0,1,0,0,0,0,0,0,0,1,4492
695,-1.1527252171934828,-1.2312684193974033,1.068110145083807,0.684521549579853,0,0,1,1,0,0,0,0,1,0,0,0,0,0,0,1,3959
197,1.193344720264717,1.1693927216248574,-0.2154411601084469,0.7843831348524003,0,0,0,0,0,1,0,0,0,0,0,0,0,1,0,0,5302
279,0.05003212529298231,0.14656361365197312,0.3472114668251442,-2.1915656223609163,0,0,1,0,0,0,0,0,0,1,0,0,0,0,0,0,4985
293,-0.40728961996597485,-0.353063262875557,-0.4264358952085434,0.46843770705328464,0,0,1,0,0,0,0,0,0,1,0,0,0,0,0,0,4304
400,-1.2944991838935884,-1.3366062955408486,0.3735858087126563,-0.13840421121383195,1,0,0,1,0,0,0,0,0,0,0,0,0,1,0,1,2947
122,0.6308367235642128,0.626819499632024,0.43805173344357157,2.0894140566165333,0,1,0,0,0,0,0,1,0,0,0,0,0,0,0,1,4451
183,1.1796250130281194,1.161614647539722,0.3354871927114151,0.5681789932671444,0,0,0,0,0,1,0,0,0,0,0,0,0,1,0,1,4649
202,1.9021926022336662,2.227056224983794,-0.38247865872935666,-0.7117762580417224,0,0,0,0,0,1,0,0,0,0,0,0,0,0,0,0,3387
438,0.30613515633710375,0.3222874956659934,-0.38834431236513917,-0.48744524671403483,1,0,0,1,0,0,1,0,0,0,0,0,0,0,0,0,6192
246,1.1384658913183263,1.1421632794381034,0.7545438360937163,0.26888830181518386,0,0,0,0,0,0,0,0,0,0,1,0,0,1,0,0,4940
415,-1.2167523469252366,-1.2817640720629853,-0.8930226192510599,0.5711864697343271,1,0,0,1,0,0,0,0,0,0,0,1,0,0,0,0,3129
684,-0.8600399587736977,-0.8253865025509741,-0.7751679933819827,-0.20484939129545832,0,0,1,1,0,0,0,0,1,0,0,0,0,0,0,0,5698
129,0.16893808397112683,0.2598155874337125,-1.0242543113254834,-0.9447420684707438,0,1,0,0,0,0,0,1,0,0,0,0,0,0,0,0,4803
402,-0.8097325362785414,-0.7394443485101283,-0.9744384543683505,-0.5209151181532609,1,0,0,1,0,0,0,0,0,0,0,0,0,0,0,0,4375
601,0.8777914538229711,0.8532183380862434,0.5494147546294034,0.77602903355467,0,0,0,1,0,0,0,0,0,0,0,0,0,0,0,1,6053
689,-0.8143094306126702,-0.7160235658118029,-0.14804240855963935,-1.110821602269619,0,0,1,1,0,0,0,0,1,0,0,0,0,0,0,0,5146
219,1.444870856974709,1.37621035131308,-0.3004298394067656,0.07785339661972916,0,0,0,0,0,0,0,0,0,0,0,0,0,0,0,0,4326
662,0.2649760346273106,0.30289177356339403,1.1648160653380182,-0.8283995121580349,0,0,1,1,0,0,0,0,0,1,0,0,0,0,0,1,7359
554,1.147608704220795,1.0718329195665477,0.3413458131893607,-0.07185209863559455,0,0,0,1,0,1,0,0,0,0,0,0,0,1,0,1,6569
665,-0.13289547523402154,-0.07993415102272512,0.4204688388518969,2.8291329684848265,0,0,1,1,0,0,0,0,0,1,0,0,1,0,0,1,4459
664,0.1552183767345293,0.21289982737170254,0.5992306115865357,0.6595260784970445,0,0,1,1,0,0,0,0,0,1,0,0,0,0,0,1,7852
386,-1.8615785870453267,-1.9689365139517367,1.1355088966326143,0.17760804939566513,1,0,0,1,0,0,0,0,0,0,0,0,0,1,0,1,1977
706,-0.6588157566759671,-0.5638255756053665,1.9443220478496508,-1.1357769736661982,0,0,1,1,1,0,0,0,0,0,0,0,0,0,0,1,5582
509,0.9784008109303887,0.9078317946792498,0.7897096252770657,-0.6121953705727793,0,1,0,1,0,0,0,1,0,0,0,0,0,0,0,0,6734
267,0.7268746742203966,0.5684406637720478,1.4783753411702711,-1.8174689662485617,0,0,1,0,0,0,0,0,0,0,1,0,0,1,0,1,5010
441,-0.1603348897072171,-0.10324982461179193,1.2322148168868252,-0.7948761744705036,1,0,0,1,0,0,1,0,0,0,0,0,1,0,0,1,5892
496,0.34272287159566206,0.39643269791475755,-1.0857944423963448,-0.8450007822568841,0,1,0,1,0,0,0,1,0,0,0,0,0,0,0,0,7429
112,-0.22893342589020532,-0.18906213798825963,1.7802173760466329,0.5931343646637236,0,1,0,0,0,0,0,0,0,0,0,0,1,0,0,1,4036
232,1.147608704220795,1.2045857245601446,0.9508885034200298,0.834120112338566,0,0,0,0,0,0,0,0,0,0,0,0,0,1,0,0,3873
634,0.8137643240912167,0.7869315874767536,0.3940944969643848,-0.6951749879428731,0,0,1,1,0,0,0,0,0,0,1,0,0,0,0,1,7393
373,-1.5231573125816196,-1.4419750861281935,0.47029172896686716,-1.168912681053515,1,0,0,1,0,0,0,0,0,0,0,0,0,0,0,1,2376
233,1.0424279406621426,0.9741432768438596,-1.159058847580935,1.2083303842285702,0,0,0,0,0,0,0,0,0,0,0,0,0,0,0,0,4758
575,1.2573663621135762,1.263088218195719,0.2387812724572042,-0.4375345039208759,0,0,0,1,0,1,0,0,0,0,0,0,0,1,0,0,7105
317,0.1552183767345293,0.2715074301165353,-0.335595628590115,1.6072687959598557,0,0,1,0,0,0,0,0,1,0,0,0,0,0,0,0,4486
410,-0.8417488450858656,-0.7980272196998414,-0.7282779300849047,-0.06349799733786458,1,0,0,1,0,0,0,0,0,0,0,0,0,0,0,0,4169
651,0.10948784857350187,0.17005859101565776,0.03951081147083683,1.2332189228147676,0,0,1,1,0,0,0,0,0,1,0,0,1,0,0,0,6639
358,-1.2453826319865688,-1.2411424927789307,0.32707553593875754,-0.41783219142030914,1,0,0,0,1,0,0,0,0,0,0,0,0,1,0,0,754
258,-0.17862600339504897,-0.11886161878108213,-0.3121470803626578,-0.2963034090219695,0,0,0,0,0,0,0,0,0,0,1,0,0,0,0,1,4760
282,0.37930509897132625,0.38473467234315467,0.6959365318407466,-1.9254039550152349,0,0,1,0,0,0,0,0,0,1,0,1,0,0,0,0,5117
376,-0.6542443502247328,-0.6106300436693378,1.1823989599296927,-0.07195903113220556,1,0,0,1,0,0,0,0,0,0,0,0,0,0,0,1,4097
384,-1.559745027840178,-1.6059514794603715,-1.2997220043143327,0.21920479057732326,1,0,0,1,0,0,0,0,0,0,0,0,0,0,0,1,3163
224,1.0104116318548186,1.0211579631263485,0.6666293631353428,0.3355473468900319,0,0,0,0,0,0,0,0,0,0,0,0,1,0,0,1,4150
692,-1.2259006477106003,-1.4341660975991586,-1.6191469337823685,2.546603945876632,0,0,1,1,0,0,0,0,1,0,0,0,0,0,0,0,2277
595,0.7360174871228653,0.7595970361807409,0.540623307333566,-1.335326378904299,0,0,0,1,0,0,0,0,0,0,0,0,1,0,0,1,4549
472,-0.21064231220237345,-0.1462950962975737,-0.4616016843918928,-0.24645949903919237,0,1,0,1,0,0,0,0,0,0,0,0,0,0,0,1,4367
347,-1.0109567383762719,-0.880055605143,0.20361548327385479,-1.6760627693864547,0,0,1,0,1,0,0,0,0,0,0,0,0,0,0,1,3740
505,0.5302218785739002,0.5253459289760264,1.2410062641826625,0.6262700720510403,0,1,0,1,0,0,0,1,0,0,0,0,0,1,0,1,4359
718,-0.9423582021932836,-0.8995007903558385,0.2329226519792586,-0.7202907580843689,0,0,1,1,1,0,0,0,0,0,0,0,0,0,0,1,4128
673,-1.0018084375909087,-1.067316757620345,-0.989088522142134,0.6679871122913854,0,0,1,1,0,0,0,0,1,0,0,0,0,1,0,0,5259
656,0.33814597726153317,0.3536409246689524,1.2673806060701747,-0.6869946519521356,0,0,1,1,0,0,0,0,0,1,0,0,0,0,0,1,5424
622,0.5851007075202909,0.6502402823303494,-0.9363398383671099,0.817639141298404,0,0,0,1,0,0,0,0,0,0,1,0,0,0,0,0,8714
615,0.8640717465863731,0.8063829555783723,1.1560246180421807,1.2665283955090771,0,0,0,1,0,0,0,0,0,0,1,0,0,0,0,1,5976
556,1.1796250130281194,1.048443051312122,-0.010312078644132942,-0.46271710687275347,0,0,0,1,0,1,0,0,0,0,0,0,0,0,0,0,7264
577,1.1841964194793537,1.1537809274555673,0.3003214035280657,-0.6037878030267437,0,0,0,1,0,0,0,0,0,0,0,0,0,0,0,0,7580
85,-1.364689206116022,-1.4242920242176311,-0.990874944232648,-0.02740827973167019,0,1,0,0,0,0,1,0,0,0,0,0,0,1,0,1,1693
242,0.8503520393497755,0.8063829555783723,-0.2593983965876337,-1.376985942927716,0,0,0,0,0,0,0,0,0,0,0,0,0,0,0,0,5058
159,1.6826772864481037,1.711916480507452,-0.4674673380276753,-0.48744524671403483,0,1,0,0,0,0,0,0,0,0,0,0,0,0,0,1,3915
524,1.147608704220795,1.0366708310751593,-1.3905693040905975,-0.5622445280933912,0,1,0,1,0,0,0,0,0,0,0,0,0,0,0,0,7498
35,-1.4728553779693578,-1.4693096374242065,2.0703351368092653,-0.33779321770701626,1,0,0,0,0,0,0,0,0,0,0,0,1,0,0,1,1005
540,1.1750481186939905,1.0717587249011888,-0.9187569437754352,1.5242223457793802,0,0,0,1,0,0,0,0,0,0,0,0,0,1,0,0,6779
170,0.731446080671631,0.708847885075182,0.7838510047991202,-0.41269943158298394,0,1,0,0,0,0,0,0,0,0,0,0,0,0,0,1,4010
624,0.4341839279177169,0.44733642123981415,0.7017951523186922,-0.4625968078140662,0,0,0,1,0,0,0,0,0,0,1,0,0,1,0,1,6869
616,0.5942490083056545,0.6073186684201656,-0.6139891152390191,0.5098740494900262,0,0,0,1,0,0,0,0,0,0,1,0,1,0,0,0,8227
685,-0.969797616666479,-0.9541204298376251,-0.6286391830128025,-0.08850683498274935,0,0,1,1,0,0,0,0,1,0,0,0,0,0,0,0,5629
95,-0.6085138220637056,-0.5755730642872087,-1.1532002271029889,1.0253822490893187,0,1,0,0,0,0,0,0,0,0,0,0,0,0,0,0,2808
563,1.6003590430285184,1.637746546703568,-0.40592720695681384,-0.6537386455061315,0,0,0,1,0,1,0,0,0,0,0,0,0,0,0,0,5713
240,0.7405943814569942,0.786826478367495,-0.5641732582818862,-0.35455488655078204,0,0,0,0,0,0,0,0,0,0,0,0,0,0,0,0,4634
574,1.2070644275013145,1.1576452329430154,-0.07771083019294052,-0.2132569588414938,0,0,0,1,0,1,0,0,0,0,0,0,1,0,0,0,6597
460,-0.5399152858807169,-0.556041318631451,-1.8125587742907905,1.524289178589762,0,1,0,1,0,0,0,0,0,0,0,0,0,0,0,0,6460
553,1.760424123416455,1.9148203415979863,-0.42936872202643467,-0.8116378433142694,0,0,0,1,0,1,0,0,0,0,0,0,1,0,0,0,4672
639,0.48906275686410755,0.381074402185444,1.6659285612007473,-1.0943940974777622,0,0,1,1,0,0,0,0,0,1,0,0,0,0,1,0,4639
206,1.4814585722332678,1.3372334204444838,-0.6608791785360971,0.18589531788301367,0,0,0,0,0,1,0,0,0,0,0,0,0,0,0,0,4590
392,-1.020105039161635,-0.9541451613927447,-0.6432962839444224,0.3271932455923019,1,0,0,1,0,0,0,0,0,0,0,0,1,0,0,0,4023
397,-0.5627778060197836,-0.5053168990810122,0.268088441162608,0.011180984982804835,1,0,0,1,0,0,0,0,0,0,0,0,0,0,0,1,3761
617,0.4479036351543145,0.5252655514218875,-0.9216897705933265,0.9672377040571167,0,0,0,1,0,0,0,0,0,0,1,0,0,1,0,0,7525
217,1.1796250130281194,1.2084747616027123,0.8453911358699816,0.5600521235247123,0,0,0,0,0,0,0,0,0,0,0,0,1,0,0,1,4294
4,-1.5078461193055765,-1.5545593079217017,-1.3914554819780178,0.00734478166688695,1,0,0,0,0,0,0,0,0,0,0,0,0,0,0,0,1600
650,-0.5947941148271075,-0.5521522815888833,-0.9861627284820792,-0.5374495554417285,0,0,1,1,0,0,0,0,0,1,0,0,0,0,0,0,7109
612,1.2893826709209009,1.4114528173586072,0.7486852156157707,0.019481620032229304,0,0,0,1,0,0,0,0,0,0,1,0,0,0,0,0,7112
546,1.7238364081578972,1.6689454034870288,-0.8161924030432782,-0.23821233023807342,0,0,0,1,0,1,0,0,0,0,0,0,1,0,0,0,5531
98,-0.8737596660102952,-0.8604743963770026,1.7069529708620423,-0.7120034895970208,0,1,0,0,0,0,0,0,0,0,0,0,1,0,0,1,2455
573,1.3945634344795532,1.3410977259319319,-0.1509752353775306,-0.3876371276897933,0,0,0,1,0,1,0,0,0,0,0,0,0,0,0,0,6685
406,-1.5231573125816196,-1.6683430101385137,0.6783536372490718,1.38271055307687,1,0,0,1,0,0,0,0,0,0,0,0,1,0,1,0,2169
502,0.34272287159566206,0.4354096287833542,-0.7839594406778201,-0.6620927468038619,0,1,0,1,0,0,0,1,0,0,0,0,0,0,0,0,7639
47,-0.3615590918049474,-0.3217654798716173,-0.9128983232974891,0.5848337296142991,1,0,0,0,0,0,0,0,0,0,0,0,0,0,0,0,2475
32,-1.326510004818018,-1.3990782037731297,0.988987119421271,1.0420236188743968,1,0,0,0,0,0,0,0,0,0,0,0,0,0,0,1,1526
200,1.4631619706625414,1.6455802667877226,0.5083833118102704,-0.9695236745603305,0,0,0,0,0,1,0,0,0,0,0,0,0,0,0,0,4332
134,0.33357457081029884,0.3419181675422299,1.6336885656774516,-0.4460623705255987,0,1,0,0,0,0,0,1,0,0,0,0,0,1,0,1,4553
27,-1.6366961217888072,-1.5913660448285474,1.1129535594504139,-0.8427685663901306,1,0,0,0,0,0,0,0,0,0,0,0,0,0,0,1,1167
641,0.8549234458010099,0.7869315874767536,0.6197463329961022,-0.9196797645775535,0,0,1,1,0,0,0,0,0,1,0,0,0,0,0,1,7328
230,1.0058402254035843,0.9430247976145373,0.6197463329961022,-0.6287966406716285,0,0,0,0,0,0,0,0,0,0,0,0,0,0,0,1,4153
489,0.6582761380374085,0.6424560253564338,0.8571154099837107,-0.44588860521860624,0,1,0,1,0,0,0,1,0,0,0,0,0,0,0,1,6883
378,-1.7655406363891433,-1.840103660444607,-1.2469733205393085,0.01112751873449933,1,0,0,1,0,0,0,0,0,0,0,0,1,0,0,0,2493
288,0.054609019627111205,0.13883500267707694,-1.0418372059171581,1.2747220980618914,0,0,1,0,0,0,0,0,0,1,0,0,0,1,0,0,5041
418,-0.26094424681463474,-0.22415003181428816,-0.5641732582818862,0.06098479527935271,1,0,0,1,0,0,0,0,0,0,0,0,0,0,0,0,5062
391,-0.4210093272025724,-0.4038433284250151,0.7486852156157707,2.0894140566165333,1,0,0,1,0,0,0,0,0,0,0,0,0,0,0,1,3456
592,1.193344720264717,1.075752871053015,-0.8132595762253869,-0.5955406342256244,0,0,0,1,0,0,0,0,0,0,0,0,0,0,0,0,7605
498,0.3930248062079238,0.42786032158307585,1.0886188333355358,0.3520951507405757,0,1,0,1,0,0,0,1,0,0,0,0,0,1,0,1,2843
138,0.15978978318576362,0.18575076273908692,1.3699451468023311,-1.044429888436298,0,1,0,0,0,0,0,1,0,0,0,0,0,0,0,1,4575
62,-1.3173617040326548,-1.3912753981328745,-0.17148392362926015,0.2271712615748384,1,0,0,0,0,0,1,0,0,0,0,0,0,0,0,1,1944
471,0.5851007075202909,0.7282683387329015,-1.7187786476966345,1.1666133439882251,0,1,0,1,0,0,0,0,0,0,0,0,0,0,0,0,6691
128,0.16893808397112683,0.27542738160300273,-0.32387135447638643,-0.13835074496552643,0,1,0,0,0,0,0,1,0,0,0,0,0,0,0,0,4362
709,-0.8143094306126702,-0.8800494222542199,-0.26818984388347106,1.4661312669954842,0,0,1,1,1,0,0,0,0,0,0,0,0,0,0,1,5501
520,0.2146686121321543,0.27942152775482904,-0.1509752353775306,0.3104315767485361,0,1,0,1,0,0,0,0,0,0,0,0,0,0,0,1,7001
64,-0.687050914168885,-0.7076148370711156,2.2046262525426394,2.097701325103882,1,0,0,0,0,0,1,0,0,0,0,0,0,1,0,1,605
14,-1.4728553779693578,-1.4380613175305061,-0.9568555597766759,-0.3794434251369799,1,0,0,0,0,0,0,0,0,0,0,0,1,0,0,1,1248
156,0.9692525101450254,0.8727686324083409,-0.24474832881385022,-0.8615352195453516,0,1,0,0,0,0,0,0,0,0,0,0,0,0,0,0,4548
40,-1.961194637348815,-2.0474715672342425,-1.3884030914769032,0.4756422840124472,1,0,0,0,0,0,0,0,0,0,0,0,0,0,0,0,1538
492,0.4387608222518458,0.47467097253582724,0.3589287077810354,1.4660243344988733,0,1,0,1,0,0,0,1,0,0,0,0,0,0,0,1,5728
379,-1.8387105790233658,-1.9728008194391848,-1.5165753598923752,0.8675899837777917,1,0,0,1,0,0,0,0,0,0,0,0,0,1,0,0,2311
187,1.3625526135551234,1.2747367806570828,0.11570101031548126,-0.3629089878485124,0,0,0,0,0,1,0,0,0,0,0,0,0,0,0,0,4592
216,1.147608704220795,1.087370519070479,-0.027894973235807648,-0.022115121149428468,0,0,0,0,0,0,0,0,0,0,0,0,0,0,0,0,4866
52,-1.7533465605972551,-1.8218888700989717,-0.40103916226032843,0.12474329638362901,1,0,0,0,0,0,0,0,0,0,0,0,0,0,0,0,1450
337,-0.9377867957420493,-0.8136637454242517,0.9919129130813249,-1.3686318416299859,0,0,1,0,1,0,0,0,0,0,0,0,0,1,0,0,3485
295,-0.43930044089040426,-0.36087225140459217,0.7486852156157707,-1.1607256617817394,0,0,1,0,0,0,0,0,0,1,0,0,0,1,0,0,4381
251,0.8137643240912167,0.6074485090845437,1.8505489544133316,-0.8283460459097297,0,0,0,0,0,0,0,0,0,0,1,0,0,0,0,1,3544
461,-0.35241079101958417,-0.3374020055960271,-2.677046402942906,1.1832146140870747,0,1,0,1,0,0,0,0,0,0,0,0,0,0,0,0,6857
455,-0.41643792075133806,-0.39207110818805296,0.2915299562322283,-0.18824812119660903,0,1,0,1,0,0,0,0,0,0,0,0,1,0,0,1,6041
727,-1.3630977200765766,-1.473377978241392,0.8307410680961986,-0.8282925796614242,1,0,0,1,1,0,0,0,0,0,0,0,0,0,0,1,1341
269,0.7405943814569942,0.580113957788531,1.7626344814549582,-0.9113256632798235,0,0,1,0,0,0,0,0,0,0,1,0,0,0,0,1,4120
201,1.7192650017066624,2.1372497654555,0.39702732378227656,0.47679180835101465,0,0,0,0,0,1,0,0,0,0,0,0,0,0,0,1,3784
161,1.2253555411891468,1.2201233240640759,0.13914252538510158,-0.4210535328807139,0,1,0,0,0,0,0,0,0,0,0,0,1,0,0,0,4966
555,1.2024875331671856,1.138249510840416,0.22998982516136685,-0.4626636406244483,0,0,0,1,0,1,0,0,0,0,0,0,0,0,0,1,6290
401,-1.2024344604531234,-1.1393412290175977,-0.0887950869435324,-0.43508842306090045,1,0,0,1,0,0,0,0,0,0,0,0,0,0,0,0,3784
476,-0.5764975132563811,-0.5638503071604861,1.4109765896214639,2.1145298267580293,0,1,0,1,0,0,0,0,0,0,0,0,1,0,1,0,1027
105,-0.388998506278143,-0.3413405057488345,1.7831431697066866,2.064565617716565,0,1,0,0,0,0,0,0,0,0,0,0,1,0,1,0,795
565,0.9006539739620373,0.8181551758153345,1.4725167206923255,0.30230470700610407,0,0,0,1,0,1,0,0,0,0,0,0,0,0,0,1,5870
389,-1.139005509956885,-1.1492647655093646,0.06295232654045714,-0.33790015020362724,1,0,0,1,0,0,0,0,0,0,0,0,0,0,0,0,4270
1,-0.758634858646557,-0.7849813243742167,0.4310467082382487,0.8312463014921468,1,0,0,0,0,0,0,0,0,0,0,0,0,1,0,1,801
680,-0.09173635352422843,-0.03287000162999702,0.7516180424336625,-0.17153991860114873,0,0,1,1,0,0,0,0,1,0,0,1,0,1,0,0,6269
561,1.4357225561893459,1.505074119264109,0.07174377383629449,-0.29624994277366395,0,0,0,1,0,1,0,0,0,0,0,0,0,1,0,0,6830
80,-0.3295427829976234,-0.2476697407330924,-0.07185220971499441,0.5266357183337917,0,1,0,0,0,0,1,0,0,0,0,0,0,0,0,0,2703
205,1.3259648982965646,1.4854929104981123,0.8600412036437646,-1.2770708914068636,0,0,0,0,0,1,0,0,0,0,0,0,0,0,0,0,3840
34,-1.593747950255362,-1.558782220958385,-0.34871950111334094,-0.7820977411254956,1,0,0,0,0,0,0,0,0,0,0,0,0,0,0,1,1708
508,0.8412037385644123,0.7790484042823596,0.5757890965169153,-0.1798405536505732,0,1,0,1,0,0,0,1,0,0,0,0,0,0,0,0,6770
427,-0.9652262102152447,-1.0985650775140454,-1.627938381078206,1.9811983700462568,1,0,0,1,0,0,1,0,0,0,0,0,1,0,0,0,3423
454,-0.4255807336538067,-0.36473655689204026,0.7281694942062042,0.8590220174868402,0,1,0,1,0,0,1,0,0,0,0,0,0,0,0,1,6235
366,-1.2549315482232406,-1.4121426477650942,-1.7828718150622067,1.9156220164995936,1,0,0,1,0,0,0,0,0,0,0,1,0,0,0,0,1951
91,-1.0246764456128696,-1.0205617526666129,0.13328390490715597,0.14429857670135554,0,1,0,0,0,0,0,0,0,0,0,0,1,0,0,1,2252
339,-0.21521371865360778,-0.15023977933916077,2.213924087202717,0.6179694370016159,0,0,1,0,1,0,0,0,0,0,0,0,0,0,1,0,2594
564,1.4723102714479046,1.446441784964157,-0.24181550199595897,-0.2796486726748147,0,0,0,1,0,1,0,0,0,0,0,0,0,0,0,0,6591
345,-1.4454159634961625,-1.3015184017148198,0.2534313402309872,-1.6427573066607681,0,0,1,0,1,0,0,0,0,0,0,0,0,0,0,0,3310
241,0.7543140886935917,0.7048784704784754,-0.608130494761073,-0.8199384783636939,0,0,0,0,0,0,0,0,0,0,0,0,0,0,0,0,5204
13,-1.8705238361635883,-1.8071735948027692,-0.6820278841509634,-0.7993539727660869,1,0,0,0,0,0,0,0,0,0,0,0,0,0,0,0,1421
315,-0.7960128290419435,-0.7589946428322258,-0.5758904992377785,0.3436742166324639,0,0,1,0,0,0,0,0,1,0,0,0,1,0,0,0,4067
600,1.1018781760597676,1.0288371109910046,-0.139250961263802,-1.5265243561570854,0,0,0,1,0,0,0,0,0,0,0,0,0,0,0,1,7582
387,-1.5551736213889438,-1.4693096374242065,1.9443220478496508,-1.0110803160557593,1,0,0,1,0,0,0,0,0,0,0,0,0,0,0,1,2432
273,-0.5033275706221586,-0.419424208150406,0.8365996885741442,1.4161269582677907,0,0,1,0,0,0,0,0,0,1,0,0,1,0,0,1,2429
166,0.6948583654130722,0.708847885075182,0.3765116023727101,0.26894176806348935,0,1,0,0,0,0,0,0,0,0,0,0,0,0,0,1,3767
723,-1.1547173186842368,-1.151465873915015,0.7032017838860268,-0.23557911750902885,1,0,0,1,1,0,0,0,0,0,0,1,0,0,0,1,1013
646,-0.3021033685244278,-0.26331244934628234,0.8922811991670602,0.052791092726538896,0,0,1,1,0,0,0,0,0,1,0,0,0,0,0,1,6392
484,-0.20606541786824406,-0.1422267554803886,-0.4557430639139467,-0.1966556887426445,0,1,0,1,0,0,0,0,0,0,0,0,0,1,0,1,5572
712,-1.2076040461398734,-1.1531538025519323,0.05709370606251154,-0.7367850956866072,0,0,1,1,1,0,0,0,0,0,0,0,0,0,0,0,5611
504,0.6536992437032796,0.6384927936485072,-0.7341365505628508,0.9091466252732207,0,1,0,1,0,0,0,1,0,0,0,0,1,0,0,0,7129
243,0.8412037385644123,0.8298779329420569,0.030719364174998976,-0.5955406342256244,0,0,0,0,0,0,0,0,0,0,1,0,0,0,0,0,5115
566,0.5165021713373027,0.42793451624843465,1.6219713247215604,0.3602220204830077,0,0,0,1,0,1,0,0,0,0,0,0,0,0,1,0,4459
562,1.7375561153944947,1.7001937233807287,-0.907039702819543,-0.9613433385695931,0,0,0,1,0,1,0,0,0,0,0,0,0,0,0,0,6786
686,-0.8737596660102952,-0.8838642646314288,0.4087515978960057,0.5515242569199895,0,0,1,1,0,0,0,0,1,0,0,0,1,0,0,0,4669
189,1.2710860693501738,1.1343048277988288,-0.18027537092509752,-0.24645949903919237,0,0,0,0,0,1,0,0,0,0,0,0,1,0,0,0,5336
475,0.3747336925200919,0.38470994078803505,0.33842001952930684,1.2997175691446998,0,1,0,1,0,0,0,0,0,0,0,0,0,0,0,0,6624
681,-0.8691882595590609,-0.9736459926046032,0.1977568627959092,2.081113421567109,0,0,1,1,0,0,0,0,1,0,0,0,0,0,0,1,4094
510,1.046999347113377,1.0016076688042506,0.6871450845449092,0.16897325029433136,0,1,0,1,0,0,0,1,0,0,0,0,0,0,0,0,6536
58,-0.5182930272758391,-0.4982251256504475,1.6989633035595848,1.3812402312484693,1,0,0,0,0,0,0,0,0,0,0,0,0,0,0,1,1446
474,0.13692726304669742,0.2168692419684092,0.4204688388518969,-0.4876056454589513,0,1,0,1,0,0,0,0,0,0,0,0,0,0,0,0,7290
560,1.3396846055331626,1.3880382175490609,0.5845805438127527,-0.2631008688242709,0,0,0,1,0,1,0,0,0,0,0,0,1,0,0,0,6031
252,0.8686431530376074,0.7868512099226146,0.8365996885741442,-0.4376548029795632,0,0,0,0,0,0,0,0,0,0,1,0,1,0,0,0,5345
21,-2.428858846711009,-2.4832316758207424,-1.6513798961478268,-0.19221799013329013,1,0,0,0,0,0,0,0,0,0,0,0,1,0,0,0,981
313,-0.6679640574613304,-0.6614348407739156,1.2556563319564455,0.0363101216863769,0,0,1,0,0,0,0,0,1,0,0,0,0,0,0,1,2933
459,-0.3661304982561817,-0.3062773434779252,-1.8330674625425198,0.44348233565670536,0,1,0,1,0,0,0,0,0,0,0,0,0,0,0,0,6457
160,1.3899920280283184,1.3762659973120992,-0.20958253963050083,-0.6121419043244738,0,1,0,0,0,0,0,0,0,0,0,0,0,0,0,0,4586
276,-0.09630775997546275,-0.04848179579928723,0.5288990332198369,0.26069459926237004,0,0,1,0,0,0,0,0,0,1,0,0,0,0,0,0,4456
191,1.4311511497381115,1.5401867446452582,0.0072708159475417655,1.2830093665492392,0,0,0,0,0,1,0,0,0,0,0,0,0,0,0,0,4086
385,-1.8021283516477018,-1.890877543105285,1.3816694209160603,0.48509244340043944,1,0,0,1,0,0,0,0,0,0,0,0,1,0,0,1,1301
413,-0.8508916579883342,-0.7745569738912769,-0.7048364150152838,0.06119866027257437,1,0,0,1,0,0,0,0,0,0,0,0,1,0,0,0,4318
491,0.19637749844432242,0.2871501387297252,0.20654831009174654,0.5930808984154181,0,1,0,1,0,0,0,1,0,0,0,0,0,1,0,1,6273
343,-1.244191761398432,-1.3249144528580257,-0.8953154287058144,0.6264973036063387,0,0,1,0,1,0,0,0,0,0,0,0,1,0,0,0,3190
308,-0.9606493158811155,-0.9697569555620354,-0.8132595762253869,0.03624328887599511,0,0,1,0,0,0,0,0,1,0,0,0,1,0,0,0,3926
661,0.47077164317627523,0.4823995835107235,0.010203642765433018,-1.5180579757379136,0,0,1,1,0,0,0,0,0,1,0,0,0,0,0,0,7693
130,0.2238169129175175,0.2949282128148611,-0.01323787230418779,-0.8782968883891175,0,1,0,0,0,0,0,1,0,0,0,0,0,0,0,0,4182
663,0.24210802660534939,0.2599948912083299,1.2116990954772586,-0.7202372918360634,0,0,1,1,0,0,0,0,0,1,0,0,0,0,0,1,7444
99,-0.4118610264172092,-0.333642809217838,1.5662898141286445,-0.5290954541439981,0,1,0,0,0,0,0,0,0,0,0,0,0,1,0,1,2895
372,-0.9011990804834905,-0.8683328480162775,-1.1942246367642844,0.06939236282538819,1,0,0,1,0,0,0,0,0,0,0,0,0,1,0,0,3425
87,-1.0932749817958578,-1.1610926317453456,-2.255056932742713,0.5432904546809465,0,1,0,0,0,0,1,0,0,0,0,0,0,0,0,0,2425
458,0.21924550646628319,0.3261518011534415,-1.1619916743988263,-0.07185209863559455,0,1,0,1,0,0,0,0,0,0,0,0,0,0,0,0,6436
330,-0.23350483234143962,-0.1539495126071111,0.44684318073940893,0.3021309416991113,0,0,1,0,0,0,0,0,1,0,0,0,0,1,0,0,3071
214,1.261943256447705,1.2318646298571387,0.15965824679466803,-0.6785870844061002,0,0,0,0,0,0,0,0,0,0,0,0,0,0,0,1,3574
466,-0.5719261068051468,-0.5755977958423287,-1.1854331894684471,1.3911715868712107,0,1,0,1,0,0,0,0,0,0,0,0,0,0,0,0,5409
121,0.2604046281760763,0.32233695877623264,0.6695621899532346,-0.03871639124827776,0,1,0,0,0,0,0,1,0,0,0,0,0,0,0,1,4401
614,1.106449582511002,1.091309019223286,0.7135194264324213,-0.1965487562460335,0,0,0,1,0,0,0,0,0,0,1,0,0,0,0,0,7504
20,-1.7792603436257408,-1.9962463336926304,-1.2499061473571997,2.2307654505741272,1,0,0,0,0,0,0,0,0,0,0,0,0,0,0,0,1543
700,-0.8463202515370999,-0.7511671056368507,1.3259879103231442,-0.8283460459097297,0,0,1,1,1,0,0,0,0,0,0,0,1,0,0,1,4649
71,-0.6441027426354398,-0.6220498392458449,-0.7554188861766137,1.1261794937072114,1,0,0,0,0,0,1,0,0,0,0,0,0,1,0,0,2417
106,-0.24722453957803717,-0.21642142083939195,-1.0916600960321274,1.5658324535231143,0,1,0,0,0,0,0,0,0,0,0,0,0,1,0,0,3744
270,0.731446080671631,0.5840277263862184,1.5047496830577831,-0.5042069155578006,0,0,1,0,0,0,0,0,0,0,1,0,0,0,0,1,3907
435,-0.19234571063164652,-0.13050399835366566,-1.0242543113254834,0.2855430381623386,1,0,0,1,0,0,1,0,0,0,0,0,0,1,0,0,5298
102,-0.48960786338556056,-0.392095839743173,1.2966877747755783,0.8590220174868402,0,1,0,0,0,0,0,0,0,0,0,0,0,0,0,1,2162
